TimeStep,ParticleID,Position,Position,Position,Velocity,Velocity,Velocity,Force,Force,Force
TimeStep,ParticleID,X,Y,Z,X,Y,Z,X,Y,Z
1600,0,7.702278820680114,0.35132553188424603,0.05015847942806232,-0.8748904974263755,0.5998492345348708,0.32338003134167664,-0.02230016860000395,-1.1542366452175354,21.75892876609629
1600,1,1.7073898680213073,2.289270498562328,8.291129045007287,-0.1826139577364484,-1.2650350708505382,0.4528403103410072,0.3427730122814472,0.4192908310455775,-0.6488983308109036
1600,2,0.8144533971351553,0.589456564495342,0.009987137673971795,-0.289837590736257,-1.0201689911428333,-0.9746131786064516,-8.643190037669008,2.730836125946289,-6.757006351252872
1600,3,8.68812238402011,0.5829886772261172,0.41714283037267974,0.7159635682995172,0.6274798005139073,-1.16685954095609,9.448978196262601,3.2646955978753636,0.46780867329239045
1600,4,8.85056527608287,0.5836726278974017,1.5121635512699847,0.859023317625878,-0.4010104070734303,-0.9788224906252928,0.13360920251185046,-2.816987351563728,3.149988255040288
1600,5,8.541219198579812,1.7154291907331156,1.167464806946533,0.840287894880142,-0.9665058681850716,-0.26965646179216685,-2.422390572526581,-8.690200417911411,-4.249385287257185
1600,6,1.409691764307643,8.655343107684205,3.907739024091154,0.8041147829053789,0.8571535851078489,0.7801597320180931,-1.0250415864026798,-4.091142228177655,2.5530889381738064
1600,7,8.425870570200141,0.89577268944294,3.472115089282121,-0.4455809308694097,0.28105702128671367,0.8996908868428559,-3.3900880603677512,3.486217469298876,9.959093724011115
1600,8,0.8064702111779675,1.05226095721851,3.2529983039260575,1.3095545437813483,0.42469746511669537,-0.04519543033884046,-1.3411621845936725,1.003664011083016,-0.3876625170499425
1600,9,1.8062721331276534,1.2780218407821504,2.6486147960805857,2.1234919355801725,0.9734069177777447,0.6450229360865952,-5.877374549522065,6.459364730245442,3.520409074417334
1600,10,0.6158580609749054,1.1471499906287337,5.291139908763514,-0.39390027036606123,-0.4684786158494574,-0.07477078678731744,-16.12090764479792,9.032279104244296,22.002203354959747
1600,11,8.315589758988594,1.3199585497199162,4.813793295450095,-1.2289224549604434,-0.13257475353483109,-0.2443937883366795,1.6451995137673394,-12.808601286465958,4.029832832723195
1600,12,0.2714311288471245,1.6738126990722597,6.264784420144671,1.233044513787268,-0.974017515364717,-0.5751284204547662,4.980460446341557,10.464911847248901,1.4298076260536663
1600,13,1.7901273723593991,1.1361408674895834,5.32776282321426,-1.0964285415867572,0.13892036714285583,0.20556695897863034,-4.904014318820585,3.4887110264148298,-2.9655447411997446
1600,14,0.9898373998579711,0.20830983654410345,5.8261166005081115,-0.37751626425912294,-0.44456624818727497,0.6360081270734428,-11.751853993798344,2.824669217216323,10.99703486627306
1600,15,1.2547182770472174,1.161540909467757,6.245129427148852,0.13763096686988738,-0.06815672547473263,-0.8238098126948444,-0.8024254720862902,16.13640947576872,-4.632008416674793
1600,16,8.567248416009745,8.3693868778504,7.402315377537282,0.2636865890562875,-1.273599101811652,-0.27549768282446646,4.087730231599731,7.357300937299141,6.309745511174012
1600,17,1.314937180062916,0.5176534732590242,7.036280918997627,-0.16309030458703155,0.8583075417135434,-1.4963964449965885,-2.244527057020134,-8.931383193083173,6.598880704866447
1600,18,1.0060774290690657,8.464426400531426,0.0494482390280367,0.9380654609471598,0.4640542214976758,0.26818920987892547,5.9385028403593845,-6.174302741010481,-6.286652640822239
1600,19,0.5993699048544202,1.2713827743672494,8.158634752211603,-0.3349963425889369,-0.4616199709189786,0.027356580496269586,-14.674737772310475,6.3570706655306495,-0.19734640919983995
1600,20,0.2889864298582234,1.6958327283303898,0.24676883979719894,0.8547151988247058,-0.231279517201409,1.730117117044984,-1.158970302073631,1.5323565408164235,-2.3604752640622833
1600,21,0.5919998223050913,2.4920064441123846,8.279179701717398,0.31825272788062103,-0.580181370268743,0.8051061678733913,-1.1200095762439901,-1.3218563197840905,6.956983435231458
1600,22,1.4548230146746985,1.3600228879938738,0.3637613365408078,0.04049931290705622,-1.242778054263929,-0.6737988834226154,4.429934454891233,9.710909539900479,-5.220563072894059
1600,23,0.8643103272263551,3.0338211918410662,1.5760538303593008,1.3775152724320352,-0.22980482826235538,-0.23354087115150127,0.8230276832782495,7.974201431422203,5.339960594849288
1600,24,8.697815509576673,2.586538485176862,1.765988509677435,0.1547098439141932,-0.12895844709236348,1.4694699054308196,4.85216659786481,1.2715741768153388,6.453955070596517
1600,25,1.9897317465293392,3.4307988130891904,2.11631918532333,0.40536868823479355,0.3164174503324683,-0.03470467578750048,6.1813741827330935,-1.8559413591053089,-2.0005763679342405
1600,26,8.7017389262639,1.266614426294857,2.486058485124892,-0.43151865568242104,0.31800730118893794,0.5048016399206435,2.3968216539600666,-0.6484067002530712,-6.558642753482612
1600,27,1.2456497293703468,3.1266017549294527,2.857363207321228,0.6938166563230505,-0.13041560820415832,0.312056848540059,-8.795076749167881,-15.700126678914478,-25.784868145495437
1600,28,1.0439969258594983,2.2162062206211752,3.542769854885041,-0.011195313914389915,1.0957371070489292,1.0828503270760943,-4.482878070374129,-9.716944935518184,-6.183089492677226
1600,29,0.08014389111343954,4.125433282329123,4.236905550845015,0.26110476345254213,0.4242668395339821,0.543696057413642,-2.669774633357346,-6.831621321284514,-4.687772803390415
1600,30,0.2174063412634823,1.6171463731012752,4.296248615528523,-0.758162578026591,0.41712478924466284,0.41618675568906205,19.114071456711955,-0.7583966804054737,-7.438817957238758
1600,31,8.837037295670306,2.151878263688185,5.22996855918547,0.7396625079392395,-0.6766013070675779,-0.04563030878336931,5.700796496871403,6.18524979496896,2.5407752523444347
1600,32,7.864178764134341,1.6913772401419622,6.608472444784312,0.9128309216183398,-0.22997291798577194,-0.47160680781279,-0.6401949905969294,-2.9840870921749163,0.8394008925445857
1600,33,1.1345353903203697,2.05184216627785,5.455771945911419,0.013566187830620349,0.44387640825123215,0.8403954570043121,-2.5802101747006234,7.005867234524663,2.6330208797850307
1600,34,1.3326568877898135,2.3731772380118965,6.544809212513088,-0.1626865987195365,0.2691407708977213,0.47365368819236636,4.922162424468305,-1.9244384296018195,-4.840383625695497
1600,35,1.3778168161565654,3.399805166197773,5.857640266619652,0.08341419080652031,-0.21040445552630033,-1.1588994844804272,-5.497154305240041,-8.153795114542731,-3.9652640710777485
1600,36,8.118373588123562,1.080816506150678,7.585572117455048,2.147179928562615,-0.4689887725731441,0.908953870709241,0.04836349586812712,1.9412445927362942,0.17727839239826387
1600,37,1.5547296518330482,0.8728537724159285,8.083249649790934,0.6648583713183307,-0.1640262158512325,0.45106764282216527,-1.3553415502306556,-7.35533318751005,2.919291366392591
1600,38,0.17941643137849253,1.9900952367662001,7.410154813655536,-1.5895192422703037,0.9299434876297281,-0.49460464913078134,-4.0081315341405235,-3.122905890033004,-4.691975735820568
1600,39,1.1892839342309158,1.5994462309996167,7.311303816882026,0.33074453005992877,0.5504035798667077,-1.7833715493466207,6.835396627541855,0.31069014191967137,-2.1001689697946775
1600,40,0.4000364498084973,2.8729630932841537,0.5203952324010687,0.6466367574889448,-0.6450190326152774,0.6632146776913624,-2.335507949948167,-3.643428270809723,-0.19148555971620865
1600,41,3.686801622501292,6.5311029503185205,8.00972144141039,1.0115667097230345,-0.7261104498313723,-0.1203065042423874,-4.935400597274149,1.4949185999511438,0.5745555519268165
1600,42,0.054660331131226654,4.8650376961368975,1.6351008092586463,0.049799778563979526,0.1305087642605127,0.022159712381309673,-4.801297976011705,-2.669786066844427,2.2753514553145524
1600,43,2.1790467567336496,4.325998903752008,0.4864107504205325,0.4541420150707478,0.0780592421020222,-0.6141898811575579,26.293348326319034,-20.408107780428697,34.03618275965662
1600,44,7.705909720553105,4.210671048659213,2.517617507053764,-0.04622124390955151,-0.040299619722019155,-0.21946554789091724,4.761680239782684,-4.737190368405694,-8.945716293985434
1600,45,0.8942827329959241,4.569898338656069,2.294071677880872,0.1649118966827889,1.0288229290646365,-0.03635276359056499,-0.8286661180128452,-4.379582155822441,-0.3002944046625247
1600,46,1.9994120911104138,3.7756163756657353,3.1562703297646646,0.779546259443465,0.6016301612633134,-2.354855327253024,8.487718695217993,10.000301535246152,4.583240090407765
1600,47,8.637163700421377,3.565596020224282,2.3570793621015342,1.3657425967692027,0.3556599781062311,-0.7976071031655776,3.616424067903685,-0.789900502679525,-16.81307370340695
1600,48,8.78568535573366,4.616702668748219,3.0399792681061015,0.5705583414833145,-0.55251300918018,-0.7209458675661551,-7.748837904796932,-7.567588247425924,2.0354320784828555
1600,49,1.4609818607504772,5.35287077652983,5.04708677471625,1.124434368179318,-1.7033594949982047,0.695372694033854,0.9306336942314145,-2.965561419255752,14.294641319876254
1600,50,0.2153698749376528,2.998037145944771,4.075021047387812,0.6517096442304103,-0.1341690821618585,0.2174009634229646,-0.9232036022491878,-3.2132687270117497,-5.524592294976657
1600,51,0.38405497383835596,4.826519267034859,4.978678149858613,-0.12367906349161886,-0.8409196617231587,0.5549366458842148,4.190751110457483,9.586958172410846,4.719725340372837
1600,52,0.30704112103713177,3.844825270112976,5.379221442648058,1.331162341745141,0.8015438612680715,0.37932475497391444,-6.923704636963276,4.832048643373338,9.495587126595929
1600,53,0.8322009001290367,3.064585487155069,4.976155639918525,-0.8133919487994132,0.655081092811191,0.2421483838674341,9.867624129733418,-14.072673640618882,-8.062773231707482
1600,54,0.08516614176009663,3.501565598747592,7.2026273659754985,0.11318900779726572,0.7093710197496126,1.1320602376982467,8.562735229443224,5.166831139566157,2.927508565668646
1600,55,7.8768463406956615,4.825678128817577,4.375683198431041,0.22736638196302628,-0.5491974498183699,0.7657584747672639,-0.31789890228477524,-3.198892913480086,3.3607833527387783
1600,56,0.4475896128608471,2.7948536559671213,6.026361959411338,1.2601444479579256,0.4514362655172262,-0.4057157840680274,-3.4528599505925133,0.3695207477361174,-2.3027408641544462
1600,57,0.9819806433132998,5.024074670627961,7.180922070794411,0.2480602044798469,-0.20361720583865928,0.7202311586924625,0.4236966257021401,2.075270584503036,-2.3778204378772534
1600,58,1.168362152559694,2.971894882495873,7.460366965524149,-0.3071904732952308,-0.3127213608597964,-0.4063443666149859,-0.9543887388896056,-4.842775475684231,-0.462482902939324
1600,59,7.603734775030484,2.957397223071232,8.247437178050236,-1.0127327868686928,-0.23022603316533155,0.11468950977426626,8.120089588240033,-9.322103935372871,6.715114716380412
1600,60,8.596296881601027,5.738512124652322,6.249146147136408,-0.9954365239080756,1.0623856652794892,0.9277646346291238,3.217090864351842,-5.229075862305198,-0.44232255432225936
1600,61,0.38542859920782463,5.566563750786841,0.19130197083441242,0.38461810048623796,0.6361312823006309,-0.18029533422316604,-3.1471006706316205,1.0109118976787652,-0.5832205376098496
1600,62,8.221372166607276,3.8420696260344847,8.203594750959873,-1.7294141106053451,0.14080337049480224,0.27023206019629736,1.8399811635807264,5.330647814559331,-0.7949999993934092
1600,63,8.486107962312165,6.7643472034297085,1.1408608538022698,0.21224347416945866,-0.19754154798587908,-0.4842385738150812,1.982859219559892,-9.341850680380013,6.3641032872084615
1600,64,8.173575635924507,5.2584109829396235,2.443221151032163,0.04827996129005231,-0.42708940963157793,0.11087025771610404,-5.4450034732260075,1.9293149993615328,-12.497102041309848
1600,65,0.27220920649861413,5.546992323971207,2.7976457596976156,0.33921339139739953,0.3141061007532016,0.36923406746739995,-2.212805907104869,10.619700388508436,-6.806908684890551
1600,66,0.2453706957622038,5.931710925356264,1.5137598077447825,0.6218609545390374,-1.8975694397549383,0.12950800864212855,3.2206925497786116,4.026630018193552,-0.9038156987111996
1600,67,8.571070176418843,7.124801470794064,3.64647821536089,0.15342042828352823,0.25275284479611704,1.084638093212035,10.498662973423526,-7.256670818772544,-4.030073572033375
1600,68,1.3592770803470529,4.452069195045733,3.7972565963638116,-0.9286049065539715,-0.12679389828912835,0.7233136145890466,4.64722085604314,4.7653547557400575,4.077330666415005
1600,69,0.7099393045452754,6.88138196986541,5.282406927303098,0.21484864268528986,-0.9523500378906093,-1.1266734274152275,4.447155547963477,8.116769688553036,-1.6196081286749522
1600,70,1.5646399438886076,5.533301113291114,4.030863146182792,-0.07929979037458708,-0.7704306467987958,-1.0041114295815534,-9.918956222999201,-0.8066419808997106,-5.678798959868025
1600,71,8.097264230587463,6.21068993588435,4.668978257917728,0.34641898616288,1.341579903993302,1.4805044138044854,-0.1337415041113845,-9.09001831394103,4.001281147347514
1600,72,0.3022697938128496,5.959948374401728,5.195904410997451,-1.4632528238993159,-0.45084993948139085,0.5325267710687683,-10.8743861759846,-16.163114323530372,0.60631592895759
1600,73,1.1868803075709797,7.258089995549817,6.667633315757776,1.2378805731420555,-0.5523562861496452,0.6781001227746559,4.480323062444761,5.388956262198322,7.427808268444988
1600,74,1.9251243264078663,4.280989288682749,5.993382350379457,-0.08330018833816505,-1.3733647529133508,0.4782039321067576,6.146424133351768,-2.3769688681159873,-2.7670366676466114
1600,75,8.545049892569525,8.194271635745134,4.9889750110867,-0.6508092293154575,0.4987487440845264,-0.22495587504913117,13.02540188602322,0.4355635031810174,-0.849112643489232
1600,76,1.3970290663142113,4.042516925111676,7.422593361501035,-0.7919558498533477,0.3183851519571759,-0.834213118699271,2.8608105194486924,1.944374628376574,-0.9973265065367828
1600,77,2.333650195389008,6.4637698127188274,7.082347067778345,1.0877790305325448,-0.727826562921465,-0.3490683207316933,1.6549863729937666,-0.5829149817583561,3.2658741760399286
1600,78,3.369653088985393,5.899488246942099,7.085354149750947,1.945427849427576,-0.21211650111919975,0.009315967787682993,-2.9021506955058083,2.7973282928137078,-2.1111503256529174
1600,79,8.53481881381252,6.75836989865321,5.946659849088155,-0.5597739464043504,-0.017671020031764177,-1.5712822170273646,-11.93967644020096,9.718310133754876,-9.676408826444774
1600,80,8.004828452417827,6.099352828035557,0.42292745490185124,-0.05901010137932301,0.16795470484763794,0.817911483802813,12.789125597522883,-5.0549458830982585,-17.833462687986295
1600,81,0.2576452736320433,5.431277679175801,7.910047160861727,-0.5099059939337677,-1.3056097754905012,-0.9498347938979207,-4.406348790150125,2.7193867133513434,3.25273585091695
1600,82,0.8200164972310124,6.958169066649209,1.38012458307532,-0.2666311606622954,0.6484408884313029,1.0859844551626103,-6.752691160590863,-10.710840966707929,7.334201440136526
1600,83,8.462980336394232,8.462379542745614,0.19438493463936896,0.5116956261806308,-0.4686529321349958,-0.45708131426353776,-14.689808063903904,2.0485881529768823,-9.284160369168966
1600,84,0.45921031351580627,8.653508998307572,2.06723695420815,-0.1917544670512529,-0.297714015806837,-1.2699313950518079,2.7523253041517117,-6.039015394394282,-10.872648015050288
1600,85,0.29420232076520547,8.577506068480195,0.8596623982794155,0.0065407008748581885,0.25165361396566444,-0.41889677200827385,-22.395627587877634,20.295872422830907,7.6006561212639285
1600,86,1.4259921947269267,8.062809893707772,2.714692523842541,1.0593864128832562,0.0015961897242283893,0.20848242609706955,-6.60273892830117,2.710913264876416,1.7124359253308405
1600,87,0.9832611232463911,0.8096324769485403,2.0874692354363122,-0.7364589795322132,-0.30041930840597003,0.30928004460546393,-4.095564790649832,-2.7192600221679863,-2.035969598480379
1600,88,0.26247514280190803,7.864528127823127,3.1365689135649,0.8924233456321954,-0.4293577919520134,-0.08088330337082733,1.8373860950060765,3.7242476324090057,-2.9470125017678206
1600,89,0.26476113828716524,8.802232988673413,3.793555848011365,-0.08235552316299596,1.3046248134156375,0.3219445822638243,13.877754240117262,-6.025801471338536,6.496692409740654
1600,90,0.35493288394716876,7.744597434836021,4.292075985824747,-0.38022704943314944,0.6015791564230281,-1.1695342764930863,1.84050121010195,3.8819081543367036,-2.7334580367487953
1600,91,8.798083160107215,0.2714590299788417,4.661746234264646,-0.13610818322395918,-0.01552395226054755,0.6453100269849329,2.689907069890895,14.378478030426011,-6.454937178605425
1600,92,0.08405313533906236,7.508012652509509,6.953665021506301,0.2505940124486295,-0.20604198300597404,-0.8448263313179254,-2.4463769619260525,-8.111238737374308,-10.4096085877921
1600,93,8.819917988665697,0.7112019395097272,6.115304417430901,-0.41629775441319616,-1.35940558613705,0.10972860838450588,-7.386460008520353,-11.19297423915063,-19.3460338354678
1600,94,0.7113971061913104,7.75398085705138,5.834872960720552,0.5609806980569816,-0.6552657019400899,1.3225053741921493,-4.064507273151553,13.20750439343456,4.259478008592096
1600,95,0.8966586079428711,8.033111211420758,7.396228448370672,-0.9165065278242938,1.1016293683905,0.8108490857587245,2.9601632316667628,6.560024690388116,4.5682441591658
1600,96,0.4669104768670492,6.714621191774765,7.637257356772076,1.3229874370076433,-0.5038751062005191,0.26542249768707926,-1.5088293154808068,1.286515090477417,-1.727235523577233
1600,97,1.4574247398994185,8.361302217961887,6.4547646081777765,0.06629909345967601,-0.057419446261171965,-0.3276624290851914,-1.0127745308873344,-7.1862767024205265,3.5477828291513367
1600,98,2.0571001725132736,5.172806270470864,7.429516348837082,-0.8660531115114471,-1.071395889911203,-0.16136498945737854,1.4486726804620578,-0.24806773506674765,3.9145017058240503
1600,99,0.28409392318994275,8.111823260210391,8.3208862920873,0.0819075863806117,-0.16841731437934385,-0.3749347688150496,-15.494470005299858,-17.94646685775858,1.1529829002650236
1600,100,3.082426461320789,0.8730091851825609,0.34754628535794196,0.057054160719267735,-1.1329487102453093,-0.12014441670254308,3.796005935119053,10.96614799179697,0.1919344658714758
1600,101,3.7439500303861393,1.8085792401379568,0.7800519956382403,-1.1891015482423573,0.07493393601145859,-0.005460046912022196,0.2895476118832779,2.0695737788112614,-2.4544577381622292
1600,102,2.4805165007970915,8.363194203617367,2.3421420170920624,-1.2582944815210229,0.4072068545938784,0.8751868594335674,0.0008054090513486024,-0.09876387940820967,-4.370718986278741
1600,103,1.148712519459559,0.11943489463165659,0.8648729350341021,1.0866301513628207,0.3499239086226025,-0.4262323270402375,41.49741568907511,15.831313463292599,26.539299789752516
1600,104,0.7100820268824503,1.0622771194850562,1.0264508085147985,2.1870660331394185,-1.807414258966586,-0.616443664955242,-3.1941015759667986,-1.7175804561829615,3.9613315744859583
1600,105,2.1190860936411497,0.8355452033474411,1.1507254404321021,0.27012428550439177,0.03466265465923628,-0.22435433080533726,2.1481213551009155,-20.543989800640677,-1.1770938022917137
1600,106,3.271970428375603,1.0277114261718376,3.5320252035075366,0.6668094405217553,-0.8476216802507953,-1.1011642082107407,-0.6629777915272684,0.13496745899045978,-1.6892806517264503
1600,107,2.793024541590973,0.9107803180905725,2.446396046211315,1.1302836563257843,1.0570308257686185,-0.6871955605628915,4.435782287938821,-6.558398375094658,-1.5073681345838927
1600,108,1.7724895383133186,0.7409079075273205,3.740615840736956,0.9920767498226138,0.4043111642474873,0.9941220765944501,-4.060624513520906,7.339836957945443,18.73623160461034
1600,109,2.541242114855818,1.6192487054623328,4.6410826804182275,0.18432633303225052,-0.812484446047965,-1.9067456562028637,-0.8359278542797758,-6.325523057911447,6.167079876480991
1600,110,2.757951911564916,0.30153014894143093,4.251537050098667,-0.7111945285459778,-0.3716093979087173,0.14287127415531425,-28.557915861878964,8.741110322747831,-6.19184857232363
1600,111,1.3748924464277943,1.6654697228582078,4.434439562716586,-0.01709948451774079,0.0004392154235196852,0.49463566242146967,-12.371365381645715,-3.4818747897121516,12.952007719355416
1600,112,1.6661424773104547,0.014186041287428362,5.084107678886647,0.1858708141421259,-0.46277152500814966,-0.02837359142477998,16.251870678437765,-6.8980078591024805,-11.265693634147848
1600,113,2.584957203000422,0.44637645331689263,5.28651050931575,-0.9402894328630531,-0.7428725768126895,1.0831110338654755,13.468260757279557,5.382015977692887,9.372642494638342
1600,114,2.111020969627568,0.23036369217407027,6.2387399978651175,1.1510155317816237,0.7166254116282769,0.4866408896961983,2.7204982257884,8.365394513823025,2.3585091462098773
1600,115,3.2303377802380737,1.1746820941977416,5.977569105942829,-0.27599799469849834,-0.7857008522105313,-0.11861088387391729,0.9539658392536469,-11.675712708791057,-12.103381129560573
1600,116,2.0412352707490786,0.012082593060250965,7.607330592511121,-0.05192896591364428,-0.39871218301364664,0.5737268998497352,-2.1977460314799786,2.635563400390211,0.4721433925547215
1600,117,2.424987065226258,1.1550511603841744,7.533684962560334,-0.4019881507128767,0.18373416029144882,-0.1863614470170529,3.9811839981172326,-8.089413930908188,-4.564009653579125
1600,118,2.9586199858286815,0.2862847088890418,8.236085140907933,0.6280625242910154,0.4755851752802354,-0.11879889913378909,0.4157655123258599,5.820757565794494,-7.364050463997583
1600,119,1.935269235019811,0.43359223673864056,0.10127966583742691,0.25161250334326113,0.4357587754071388,1.5733946862656285,4.683667454952759,-5.3514790264633225,-1.0003238699598083
1600,120,2.461381226054065,3.266771932077531,1.0541935594412828,0.20435909064480334,-2.4003627948773034,0.4900280041556119,1.003642017228822,4.515822341395415,5.3990594971652355
1600,121,2.3313669682513942,1.4140529680045482,8.57351661912724,-1.6001851864614554,0.4858900537202866,-0.0057629980304052374,6.60434881635665,-0.658852175280325,-1.1151709433213495
1600,122,3.1236416858653593,2.5599878284309328,1.5641005365932503,0.042920203812841534,-0.13333708325870727,0.7797342319496693,-8.248584976408186,10.111963063701308,-9.650234723195608
1600,123,0.6277535687654706,2.068679720178546,1.309881612688602,-0.7523675446812204,0.3016329962955865,0.6148159510911382,-2.2588224850600738,-5.398981134303964,-4.056564798218157
1600,124,2.4454650036577736,1.7038291166857293,0.6387640230659823,0.49678453990524496,0.9661086864557007,-0.8741306811862403,3.2567028662689164,12.52911731194317,7.592523806257421
1600,125,3.848281869695833,3.4293502363558597,2.1713950658694725,1.4088021110410343,-0.20957842697963378,0.16778810638233416,4.751052089044632,-7.724606659292291,-6.932039400158988
1600,126,2.078709281890137,1.7581970077018954,3.7077897881560133,0.32176183553392357,0.4807063554422921,-0.1253045674185121,9.102411543201566,9.162089994563702,-22.239072979151302
1600,127,1.6514860579673012,1.6925503864982558,1.494673637603164,0.7703100038471787,-0.38989465128479345,-0.04249896530784891,-7.6836562495782115,7.0817693795847525,2.7778216462316325
1600,128,1.9097101929795046,2.577112841294238,4.738718561988015,1.0587066255506443,-0.49114391466621166,-1.0922060159990126,-12.0255018610167,7.633746271147093,-14.21898387261732
1600,129,2.259646205706692,2.881282084868186,3.7619769715722433,-1.087465404512951,-0.6215175803225372,1.2816234222122942,7.91597291447007,-4.651367030369415,-4.72371408670222
1600,130,3.1141123006459,2.173641069907303,3.6810520437735494,0.6139337932728368,0.6518522148786614,-0.3197440551226711,2.2068121771611864,1.5550868701848408,-1.5409149567083262
1600,131,2.9914190258505235,2.584399321951362,4.767933123573412,-0.21471052176442576,1.9173873515989934,0.14861457111369633,4.697254203323775,8.645825507203632,-0.7622859868986978
1600,132,3.2141508460492996,2.817895992111264,7.237168705456758,-0.8199964146447604,-0.14101339737546342,-0.17764408694155512,2.9611232581604505,2.7463014739473484,27.707580836353095
1600,133,4.197498591330949,1.7789401449835476,3.7085914053745968,0.5148572212345858,0.21260690032056415,-0.2692474303731861,3.1004120922785705,-10.39411052858102,7.9973874760500125
1600,134,2.3346846692811405,2.182763789386637,7.340384570045928,1.0870797419818976,-0.060155614630047066,0.499210787280103,-6.927149232220812,10.397932990057123,0.3165304504065364
1600,135,3.1098758703023686,2.733732399989261,6.247013372070778,-0.1903988735614647,0.4676876500293496,-0.9027276560036483,-2.686982269412243,-2.1178496115398064,-26.117929554247723
1600,136,2.378743489225163,1.5360458254359999,6.44653013553005,-0.6838053460589587,0.9070888273173051,-0.21732388858803856,-21.33968048148136,-3.7460282228746005,1.4174603480341001
1600,137,3.812051240489002,3.5632142531434674,6.620807303208636,-0.5480614207078237,-0.3808239739084446,-0.4847714725460705,35.44345628447801,-13.400282351290862,-16.673727122388147
1600,138,3.073212884408303,2.5772696163396565,0.3756698258852103,-0.3303480017423995,-0.4401036493508111,-1.283844122563063,-13.761439288812463,5.284951884303852,8.154240784233451
1600,139,2.2142385366083324,3.3201236983277647,6.537888636434375,1.2221772289471624,-0.008813083406317122,-0.2979819195209944,2.1494739729293726,-2.3681231491924826,0.39181521722362617
1600,140,0.4125067663340195,3.900917679535709,0.9332259672236322,-0.23509483700260927,-0.14352487809352524,0.031996140061252155,-5.316609186944518,0.8045499286669935,4.498552838946659
1600,141,1.4186554118402466,2.4537678286824516,0.6038875311115195,0.1309901160372607,-0.13492154286515887,1.1392245824905511,3.7956674004942434,0.3708307511323979,0.05491836385993798
1600,142,1.4807823815013892,3.8526119363743945,1.2502075718102823,0.8544130023529274,-0.8695035186868632,1.0455602210830255,4.029360843357047,3.5989932019778847,-1.115164816812028
1600,143,1.7268202780425046,4.701900825714489,8.656599461756405,-0.8456784754747053,-0.34239273520274355,0.8586899122277653,-16.737097802637116,16.666986274170554,-37.328360873251846
1600,144,2.10495202176312,2.2820577251323315,2.323956204157105,0.40267501793786253,1.2900292695079565,-0.9323090644255592,-1.0102282950646235,3.6078409593370893,0.525608416671765
1600,145,2.172574778083561,4.8054702648449625,2.351059964434909,-0.04414444949394394,1.1368366852663991,-0.06907603837447746,1.311848697769404,-5.71208359401969,-9.487727010354122
1600,146,2.8774302835932595,2.961784870455984,2.735250100437883,-0.9684765805145981,0.4976600495155517,0.6700947747642995,3.1373458264820924,0.9565073046897186,0.9299901475925076
1600,147,0.6528244289649672,3.956199929800252,3.2100334945075084,-0.35950382478717297,-0.21353768046354732,-0.530077730037127,-4.943272806527698,-9.847495876833788,-0.7066814248835884
1600,148,1.2736121198139536,3.180295961999625,3.859935509570207,0.18043918591021554,-0.04921813895767477,0.020722521366141146,-4.725303549750819,18.910238694366154,29.0669942254156
1600,149,2.247796623216198,5.059300491264027,3.3605929556305534,0.4522106865143468,-0.740639088992467,0.5174994230525659,7.361163146750254,-3.813059510184634,9.54102169151993
1600,150,4.121657735324817,3.0275888235932027,4.310030419768158,0.5144671046578321,-0.07117131998333136,-1.442509262397325,3.1679977398583077,-0.09016272657009183,0.8402118549774489
1600,151,1.3326577598618314,4.184971604181275,4.915989421968323,0.6918872344177883,0.234890880887918,-1.4593466221083102,-0.3163592955447895,-2.171786309613108,2.737456120809409
1600,152,3.062588473075001,4.017622159247513,5.984556834550945,0.10799877330001327,0.6040797259684612,-0.08857954127302886,-5.9088302970627264,5.992407151019105,15.149299451051036
1600,153,2.2464821581561014,3.9765342587599966,4.241485937287672,-0.09709580841949296,0.17410205434085213,0.012658884801369468,3.649828907172364,-2.371868398577089,0.6458111401663156
1600,154,3.7728496776286184,3.4551714117791836,5.478930406743302,-2.2493184436050546,1.069046062160106,-0.9330310368852928,5.727351551711957,-8.955406974987735,-5.755031707947739
1600,155,1.3428180175785842,7.761033887459318,4.913732899243304,0.4736200487637481,-0.003458267990035696,-0.7948521353396537,4.69118387534492,0.13167086428330443,-3.5744998247947213
1600,156,2.6231987015365843,4.997391878410201,5.520427244611089,0.9875743287930192,-0.7296629870517093,0.07794150996807865,-19.467744562968456,-2.023716874615659,-18.321738649860624
1600,157,3.0576278390090215,4.994119996883187,6.4033630900822605,-0.2594876163163414,0.48765407019345747,0.24492748663237576,14.284216278049094,4.446561344203412,33.58719233930005
1600,158,2.188952451388393,3.20330171016349,0.028894296578586814,-0.5164129038612421,-0.09983511134457002,-0.03330734012835501,-1.4049063908210024,1.2602688293029471,-8.027008133388552
1600,159,2.206258170175099,3.325753754587482,7.65395075306042,-0.8929336382339121,-0.3292504290884912,0.8148994580963683,2.273790654822214,-8.715882583059555,1.2248884164575986
1600,160,0.16937702623796314,6.689183178360898,0.09248494553894678,1.261842310471318,0.33705281869946796,0.2840326642209191,0.2652297150831697,-1.1963069659433692,3.204214481187165
1600,161,1.4074865778898922,6.0917201451451755,2.0522320074680525,0.4975182893492793,-0.688057184938431,-1.1556396827313928,-5.964375887600077,1.7915064406787056,-3.7778440029567175
1600,162,3.471463344646419,5.71274654538924,1.4659256288914049,0.8048632957837536,0.8643978390270858,-0.5962209671661526,5.67338059906312,8.629997925330095,2.974877869952735
1600,163,1.5770513062166303,8.819498657311511,1.9258401144741066,0.05664159121120056,0.7587572511243826,0.10498747501611772,-6.140561413673558,5.905535113590981,2.3318751166610885
1600,164,0.45298623536776855,6.798812860774604,2.6627428549408596,0.2586300835104448,0.639699943316558,1.1466011233208202,6.591560433287723,0.4310398180589031,3.362003926740574
1600,165,2.3171588006487402,5.887912755310767,2.615359742117936,-0.39431200672929206,0.08484788561639403,-0.6000789377819825,4.960661673312192,3.659225293801237,3.9404662452402293
1600,166,1.5633272536630123,6.701828455596055,2.9661608198873415,-0.5351627045331425,-1.181530414608214,1.0465598572717805,-4.380729067112801,-9.876237562647514,11.647258111655672
1600,167,1.730535873610919,6.691884716432861,4.995700014665674,-0.12689525079158478,-0.256130187575842,-0.6130099614979113,-14.702784789758052,3.2432525493160496,-12.083235183179605
1600,168,0.5471581808900698,6.492127595226657,4.190613533191275,-0.7078120991672399,-0.4513525253497017,0.4473054501218414,-0.6427922445539302,4.798301913937975,1.7493678195616382
1600,169,3.550595614211572,6.034657732146754,3.634267441273037,-1.6707388544453503,-0.27638596313342784,-0.9522855771965745,-1.433587530864473,-3.4177946260939747,-24.498585975108497
1600,170,2.6594311469083145,5.285165751909944,4.51013849797559,-1.1300319450284873,0.25479974513324466,1.0083924511186941,1.4156362075813855,-1.4452199108669959,-11.94399782671506
1600,171,1.7599608262292263,6.549190561381025,6.097966623465961,-0.12149397410724301,-0.41251894141646467,-1.2224340358584094,-0.5986810190047844,-10.297687389257094,-6.4353758282999385
1600,172,2.470895291879081,6.04798721890577,5.27263434669006,-0.31217239068396774,0.8408073449311158,-0.9350758204761949,8.33805084670646,-4.603932963910729,5.729866046465234
1600,173,3.337222842335357,6.2595605480661956,4.585770996729619,-0.5539288327524162,-0.7809369848689444,-0.33514391559036716,-18.412371593733592,1.2617718714481576,25.749217922514223
1600,174,3.3714522379064555,4.408184989091489,5.0405823159798375,-0.09157954895029129,-0.21567805992860345,0.5016317106946088,2.3069966489859044,-4.2150694670968,-6.037031318166127
1600,175,2.309885216886305,7.372987117141674,6.45761162805663,0.801472358472313,-1.6188038900885247,0.20197091187811822,3.4861849351182497,12.653106007961703,-2.1308485859076884
1600,176,0.4880867955771973,6.50719531850256,6.393972152944003,0.9062566511701328,0.5349255317469664,-0.5941151684843982,7.0160128839549545,-5.248983077968957,3.1674819026317182
1600,177,1.2763908113655889,7.079420938302733,0.42415377854155406,0.8290232758609523,1.7246758744776096,-0.0948384343794297,2.3896869886316816,-2.5013451080829396,2.863689658748094
1600,178,1.4450666292302885,7.630861117302938,8.47213584068787,0.5416135137058143,0.21518917613767413,-1.081274394275566,1.296298115139417,1.0442209302813334,-6.069815158137449
1600,179,3.0034704308536897,7.415150592003919,7.311405670795223,-0.06419253519629899,-0.308517500201659,0.2188101432817488,2.517189561760954,-2.2693823513943525,0.6380581939373653
1600,180,8.898607260323608,7.63709252954794,0.7516106792562854,0.017971901796399622,0.8504083250731991,-0.032543154446226484,8.605202355839868,-12.892101713873418,3.0898350876762892
1600,181,2.379085571136911,7.542514043887319,0.4816452799244977,-0.3580041571524833,0.4596268678436811,0.5909856710212286,0.9455118603280354,-3.076029397477967,-1.806737700970491
1600,182,2.088425308991759,8.435428224529502,1.0978143718241558,-0.28331925816437764,0.1934267980772287,-0.6625347130977485,-1.4141472964967394,-4.13905594764031,-9.888551041920918
1600,183,0.6119904037165124,0.08542074834058459,7.99341246506714,0.01989394942237856,-0.74126684654467,-1.150639524186578,6.162080782450211,14.855475633928116,-8.573589982739634
1600,184,2.0497736462384273,0.27064283953026425,2.8932788615911003,-0.21650007948298222,1.193072462597007,-1.520386315573461,-0.23663187132470107,-18.287534389233343,-12.732840849184432
1600,185,4.139887597567047,8.45718419624003,1.6454789291329064,-0.8221642812154653,1.458164369896044,0.44303120948751995,1.497816963174802,-15.82275462804792,1.062057325946483
1600,186,3.505021457688505,8.102290478140468,2.542441462311437,1.34848522050768,0.7612825489071919,0.1599825221258585,-1.313539673812772,6.5493926370208255,-0.5772651818165457
1600,187,2.307556010881288,7.835457626319683,3.3098604099198177,-0.2888698542808145,1.3815922115138493,-0.18877097165775794,2.91730807124563,0.7152166110998196,4.469473803411932
1600,188,1.2468978095019858,7.488106366652925,3.691410201471172,1.0089498229898695,0.004103384741128152,-1.1881052403900225,1.4523928181636607,2.2487512619793604,1.2220325115381232
1600,189,3.3696470689599245,7.975843451114751,3.7588977662146448,0.006658355495410051,0.04695297239471696,0.8050090943299274,-5.733212961262297,-7.5338380756452885,7.4191531594465125
1600,190,3.9681411278077685,6.950028030492627,4.142505084817332,-0.042711476342664145,0.8727803955061789,-0.8438286441012481,8.210567389639746,3.723647278188442,-11.507984011309881
1600,191,0.9655745470088888,0.6555020463754845,4.5097345423522635,-1.0875727150827807,0.2769399140332823,0.5238954605855498,9.27965083188012,-9.362470698600307,-28.291493429530473
1600,192,0.7028108412069752,8.651432653883967,4.886381145489175,-0.22449281374413552,-0.3249678579485651,-0.0289314884903089,-9.213248042202913,-18.877602465554258,0.2668302913237525
1600,193,2.3793313315558273,8.234127185534032,4.40196009554363,-0.10557693383761994,0.5979374484577171,0.049863524604079015,0.15560247945835792,-4.408992245850201,3.300064691089221
1600,194,2.511488596159014,7.333107340661652,5.2691663803357,0.0755406473833812,0.7084412086274425,-0.7451787715824796,-2.196925287431413,-5.735417785311207,5.740512347817097
1600,195,2.571413655239393,8.291329567943645,5.685583401845454,-1.0021632153176618,0.12639931568904705,0.23018748273510578,0.004463329229703439,9.294090382607028,3.3130769989701996
1600,196,1.9174893586917645,7.622901109512891,7.496065360979292,-0.040950267051443924,0.0023298325436514893,-0.49871572252359325,-0.03151709795002952,6.343518799689485,-10.961948490901875
1600,197,2.8796217029149003,8.539639567571106,7.111927843470225,-0.13972184061155415,-0.9794938976921592,0.4606213321310292,6.576315888548735,-6.269602195575237,-3.7199543795573624
1600,198,1.0271814431731818,7.984411086997492,1.246394171060947,0.9688956766894395,-0.07966339573235043,0.8896111504285045,12.769026552750512,-1.081552542573289,4.973530342898778
1600,199,2.3907395957516306,8.256978108034435,8.32286245817435,-0.5365836538825004,-0.506926189285203,0.3292793585692339,3.679778209682327,-6.685161143030834,5.986508544724628
1600,200,3.714261507002339,8.178690324138353,8.456072791458766,-0.7254262943829942,-0.6314152508534437,-0.3833126673146786,-5.299546501711568,1.1266334859006384,-0.4194871588320672
1600,201,5.349399955120454,0.2086614473843098,8.026676350399093,-0.24772872727460105,-1.3382239251419918,-0.04523052658645461,-3.287482604519105,-0.2727861595491048,3.451705994082329
1600,202,4.655867333040628,8.42914740104378,0.050478366852375826,0.4978885823529215,0.4316795911936072,0.11525655279767581,-1.7664031638654951,3.3879847894220383,-1.195409231397195
1600,203,5.03591364697532,1.3143129612912394,8.470171403238737,-0.5092647109023117,-1.0910615351750974,1.0355490456773853,20.391966433585992,23.554545467373988,-12.228468567781517
1600,204,5.0992424465708215,8.691154841710036,1.0079458328190882,0.407324020671432,1.0113969437349153,0.33072120515120673,5.735695325195028,6.96224897119956,5.582442947791522
1600,205,5.978071889831469,0.6143969217117056,1.2267847882453589,1.171973400671283,0.7323134615373296,0.7787166582806436,-17.347850652459613,10.717009291102611,-28.612784862910416
1600,206,6.024046150227536,8.736015776576071,1.83826242426553,0.7824298266142278,1.011801599719383,-1.0013737570787897,-1.5600339287988523,-11.94263647323752,13.275973355932587
1600,207,3.6627013712270733,0.2855598485407972,2.1788127911091313,0.8487537021322894,0.23545499143097368,-1.5373626725721532,-2.884789742429519,-17.72765768371088,20.355295066525517
1600,208,5.622596677669632,0.35689364362040804,2.9508476060593996,-1.2925400044710897,0.46552753587639767,1.0520555492927885,-14.225848277441456,11.927846795651332,-1.768994837457703
1600,209,4.484590424318108,1.4827678373788185,2.59033329865477,0.4118657156850445,-0.06095035187912113,0.929857129505131,0.3803596845690086,-4.720591400720578,-2.857925701339404
1600,210,3.035291370955345,8.849757853363766,3.236407127903389,0.7813912980274339,1.2414770028249933,-0.07455158490645068,-0.32761054282926144,4.150297427000474,-3.5001096105038516
1600,211,3.729564893209194,0.1299869461831659,4.113588210225205,1.656402589725247,-0.030298080973669303,0.3909719166040134,30.282127781372214,0.6852862920489589,-18.459098624268346
1600,212,3.377067735591226,8.739384697299977,4.999116487560705,-0.4447806119726046,0.8174693040530043,1.2694737591546197,-3.34732440309609,-13.755375336351442,17.353145403931524
1600,213,4.849150271185674,8.848997186939155,4.506181990644938,0.2296731738260746,0.7809127693425811,0.14726781645178913,-1.8337650257887768,3.359797939037998,1.3661349506835547
1600,214,4.286298151009947,8.319113052562344,5.42867232014753,-0.13681655396048867,0.0929003645391347,0.5256990378620369,-0.8255536331210365,-4.307970932511306,0.5739821185856465
1600,215,4.09095171054193,1.767332649447341,6.006934323528145,0.04185033622925472,-1.3246212433866373,-0.9195287496199263,9.275788127919245,4.355254008510592,4.213970332562673
1600,216,3.451046465957273,8.878642678589642,6.1451548129630424,-1.0623191011441382,1.0300805928537022,0.8116339412157664,-0.5704161837108495,6.206544620228222,-7.440397170082703
1600,217,3.155957934992952,0.6491761401504321,6.902837350215505,-0.847742739421238,0.8115697905326215,-1.5294688229205937,0.660866934184408,-0.6015198290576604,7.8999114376927935
1600,218,5.640676590535261,8.641142526938745,7.069137358370868,0.12802116039266317,0.0035178394428989077,0.3765554648342672,-3.646908106339103,-9.38231401442058,-4.5259694779758535
1600,219,4.245442622464317,0.7369757657396026,8.677247435325626,0.18113768914435158,-0.4815620745716908,-0.9406966782950874,-33.19970995220322,-13.95270338411056,-3.4989909902490153
1600,220,3.5781619092293786,3.383603890724763,8.262733186722535,0.03180736842012731,1.1634875709182309,-0.18396180215359828,-0.8737462183311283,1.1129273813323342,-5.47805712680136
1600,221,3.8269148521793377,3.1255963670594697,0.9687209191617809,-0.47259530291806345,-0.48465310497887687,-1.3432892182792906,-7.563018997940276,-17.53155777245611,-0.7697281614824908
1600,222,4.188715296748484,0.37282151093523863,1.0435911158280684,0.1778407251136139,-0.3473062141628121,0.5476545762806662,-3.7415690566150364,4.2727342138028,-9.897872287793604
1600,223,3.109489774689449,4.909757647144105,7.529399313728851,0.19554496791575984,-0.6136825163906198,-1.0155889915122893,1.6565935243892065,0.10547630940616287,1.2607448651631348
1600,224,3.6306582494086275,1.1141262247370474,1.6265229961819796,0.44912066971063463,-0.22408223999099322,-0.5363022257366307,-3.111542358222312,23.14363526552418,-11.442123655670605
1600,225,4.68810869034571,1.3398605004391368,1.183424407131846,-1.8754813955397986,0.26630012977546175,-0.13076315664778887,3.463909735467716,2.8456932558179244,2.3802171067351354
1600,226,4.090986977695221,2.183331846897301,1.7860244118613517,-0.2588173731394969,-0.5531810590784407,-1.2014628477177907,5.401751437675445,-1.5553046530681556,-5.03716861189166
1600,227,3.1825132504632725,1.8879023071549463,2.330054171269296,0.22474654796153556,-0.09128277237378467,0.35568171375364654,-0.30331742060902517,-5.202113911512916,13.315048571527116
1600,228,4.561472341406138,0.6273135965666072,3.5908915355441646,-0.5266598793974784,-0.9683455025411273,0.33892434437644126,4.143532376148698,2.145475600539502,-0.6271806792859386
1600,229,3.970441595596755,2.373416944923659,2.9014383299578905,-0.14670196605023572,-0.14679939872993283,1.2237907027473185,-7.429330089668875,16.172340548302998,-7.802106366651873
1600,230,5.122535293266908,2.168014484410027,4.201452864975776,-0.5111603985790243,-0.40540035154304105,-0.6799442474055996,0.8524701688393,3.576714154758327,4.303255841179773
1600,231,2.1722196852666555,2.269167265393057,5.667240325068684,-0.35567610005544775,0.8871374241381667,0.25189323642569583,8.329729691017345,-1.5477530554922152,15.982237366725856
1600,232,4.332540907659499,0.5290671451933379,5.410104644698657,-0.7013047074843242,0.1511280194904685,-0.01566409330453756,-5.111176658902137,-3.7784869671381376,-2.4496119269721737
1600,233,5.019807762963764,3.129668018379151,6.661394861565537,-0.2941436845320572,0.6538993943645659,-0.15357335081649687,-15.089966385573886,19.875362964742955,3.319823726609441
1600,234,5.01707442753684,2.1654135252593893,6.947509365715436,1.8862272492592942,-0.19014647575537744,-0.14966972737208495,-1.0385168303801995,-25.06740469224663,6.312088648678667
1600,235,4.647600528301629,2.7325864591113267,5.6916315660237835,-0.7237435170524216,0.15599289221818988,-0.6674240582885239,-1.9973703639362972,-0.945093877338196,5.911352300212187
1600,236,3.2797453197218203,1.7591105875190265,6.923061679551531,-0.7501003785922913,-0.7957290431185997,0.11138123282932351,11.719579039687565,2.033012725970503,7.92219139047324
1600,237,4.139669989612473,2.3965741198435433,7.704208037138014,-0.5182785210098406,-1.0044963318305136,-0.5871142270378455,-2.315836926506575,-0.9438207662182672,-1.3496500755122935
1600,238,3.4797531505187633,1.299420673183022,8.032875920714025,0.4683518942583241,-0.29404404678256413,-0.2559446869156493,-8.09930619642265,-2.0925741238269557,1.103341816374647
1600,239,3.008486276879329,3.862117237828095,7.090825914276409,0.6462687917616778,1.9917774582872674,0.8466386251580509,-27.924915883311947,18.965628807403533,19.192350702972497
1600,240,3.043601702100149,2.283305924163124,8.257408892209014,-0.5806637441734289,0.09147307632378701,-0.8162745218964377,-5.148228317448422,1.9075910271667904,-6.158536964158993
1600,241,2.7437525153260838,4.065262682706605,8.22641573139708,0.36225212258036554,0.27086051060155497,0.4138771548009852,-2.0711951286905146,6.005256222509528,4.266496282237422
1600,242,3.818775961297211,4.463308880005726,8.215387003650555,-0.7441607494930258,-0.6161980769378667,-0.7257269488464243,4.850496822636147,-8.64427425671888,-0.9341293423875752
1600,243,3.1151381818346633,4.800280385362227,1.1113532094518412,-1.4648042158606547,-0.14774950391497352,0.7386258495159139,-4.5891096739973865,-8.883375566405373,-4.622851459498982
1600,244,3.286185457891452,3.815336791273602,0.40711736738719595,-0.8412759308125247,-1.0264188596866666,0.36891358407265273,-6.112362902612103,8.183453274003295,-7.6527897670920675
1600,245,4.100856285254879,4.862842427284355,1.9839425074634824,0.3668001578127108,0.680871831195255,-0.8378393526849902,1.664415015627214,-5.118960428011583,-6.28324245903913
1600,246,4.210619612055856,4.066977754534889,1.1954685353269678,-0.19660778609335763,-0.13516470628678115,-0.8844572870828767,-5.716080930721158,13.190535332673347,5.991743631194744
1600,247,3.013540016263667,3.978094910784912,1.8540739469932528,-0.6243750668325551,1.084449857671646,0.3939151969011108,-8.530746360256645,1.1194802927032335,-12.727009180779707
1600,248,3.226093770840763,3.3555057870131444,3.7778124412700285,0.4500282369033117,0.5029052201789612,0.3399816440846027,0.09945427552400019,3.7076314698838964,-1.48472430034499
1600,249,4.514367967176958,5.430816035616035,1.0954052257140665,0.37901656726766164,0.16356594802245042,0.16238749207049963,-3.9337600236302808,-15.6448996157671,2.8062816670191166
1600,250,5.209547620507062,3.9627321908764244,2.3733848140275233,-0.05287923737533601,-0.40645529253433904,1.221907100355703,-26.243421898548828,-14.149899850338242,1.678378594978322
1600,251,3.244790343858347,4.7458284542344185,3.665722350357187,0.24620194993953223,-0.3340605818975761,-0.9365823460493331,6.657817034639071,3.507778155686951,17.315835782870447
1600,252,4.183354179380415,3.4538881679288074,3.170398461643053,-0.9594389609991647,0.5608066618709645,0.421710156107414,-2.158895115713768,-25.40059835175822,13.299486386519485
1600,253,4.632851367450424,4.088518611544594,5.1972609051623975,-0.511797604832574,-1.2333199665072985,-0.8996436216524817,-7.410256878904451,-8.925045532706536,-9.024026007166375
1600,254,4.695323895744733,3.3984972814560876,7.871366879317827,-0.5901666691979556,-0.3935060180807112,0.21122856758351288,-1.1764322613264746,3.9929912940495376,-1.6541078591846696
1600,255,4.104935561665876,4.190039927726294,4.237950100486453,-0.274211532772496,-1.0631650917097715,-0.7024153021111125,-5.614347571919667,1.4101450481306828,-5.802587776910771
1600,256,4.1330026662335,4.507419159784565,7.116758720789126,0.9212816662575755,0.36386276765812553,-0.9935759341446279,-13.39194637898813,6.482915846971193,9.574928437439771
1600,257,5.805710484733328,3.8239830709077527,7.468306260439185,-1.8039179556563074,0.5055694470425734,-0.3226136427088653,6.285527834459925,-16.161345502725958,-0.0460384988644949
1600,258,4.040960152180615,5.497839858754045,7.8464631112833585,-0.14019472317938775,0.8381374095477038,-1.667866273555414,-0.7104775651032914,-5.683398487329043,-2.8637780250536777
1600,259,2.757780694002605,5.888329317100904,8.229064305000746,0.32085803415986025,0.0769130563591199,-0.9869075626625661,2.8340383680134726,-0.11855136336966171,-3.1325023371023875
1600,260,1.4003956608038413,5.808653844181426,0.6149816422702781,0.46974100859399043,0.5410144480115154,-0.6602145821075849,2.786635272231019,4.515496912272629,3.4380137993131874
1600,261,5.293249367356578,4.701080692817453,7.380170424162166,-0.9250746168142274,-0.1588576991261281,-1.010476244340532,-1.9014037132842356,26.70823758431413,15.957924494105198
1600,262,4.301325545111549,5.6284602328267415,8.898052354436722,-0.08432935684953921,1.2873494043060343,0.7712902743092217,10.328328665644253,11.20203568940919,-2.9851783135480505
1600,263,2.337302989694903,5.722794813040759,1.5022078844725073,0.6578910492331089,-1.4494478268904336,0.5616914968262475,2.9223538239343307,-0.9292270226006007,-1.5081654829709628
1600,264,1.3245001072747966,5.350253174004457,2.8852941310251228,-0.48092204556800017,-0.5131207679071944,0.7941924495836373,5.3398140049879474,4.073298580348144,4.769164407490069
1600,265,3.203098717391254,6.589815721316623,2.114388415442621,-0.10542785477676626,0.7675323941424095,0.06019581305286144,-1.9182460382230184,-1.1153797336833957,11.562712934860341
1600,266,3.0564629199207,4.068478090448932,2.8945769578577107,0.12129149187308949,-0.24373538877411371,0.24252102681184726,0.5564560050540523,-4.7147041862413825,1.8156477886109101
1600,267,2.4023615791928066,6.1056405503611115,3.806439718465135,0.3270387041985518,-0.2287379514166902,-1.0639379734327763,7.914855406914183,-0.37590318938045775,-3.1869932738393123
1600,268,4.34365158572291,4.428290128733175,3.0502739990147965,-0.08421226537494424,-1.3228860034778023,-0.4085881540587731,4.459782736271251,14.501406007749136,-12.352772381152324
1600,269,5.137828981446259,5.555876393335945,2.990348262922129,-0.11099642569625136,-1.0035062262875072,-0.03447851451867704,-29.921480602205254,2.4689310460481098,0.43264157838669426
1600,270,4.296130575044028,5.2652757262032095,3.6362707089013306,-0.2782491804416832,-0.21411353241441544,-0.9502611205116651,1.7190334651547692,6.610832278939195,11.822254888700325
1600,271,2.8059381916328983,6.844527633747065,3.129106804914729,0.5589506700911037,0.9858888614519983,-0.48549354372161224,2.373974932676804,2.6338376586001644,-3.006436478547315
1600,272,3.8557020975139453,5.301079286352772,4.680162078754671,-0.8927437633956774,-0.07629159488554497,-0.6888665752856471,2.0839528512830205,-1.8608795785094752,-4.5318973901532456
1600,273,2.5550162406534356,7.097799430621856,4.19161289944572,-1.6879445657365435,-0.7757053632375102,-0.9200913170339639,2.6936640971714554,5.756855802860703,1.5731647900028338
1600,274,4.953274214511976,4.216678724676029,6.571909600074408,1.2230312827582657,-0.0847713003161869,0.9680678977290783,12.583974353052445,-18.458770016427806,-23.040984101746044
1600,275,4.295834898283031,4.746816157616024,5.962073243743443,-0.05173796177738892,-1.276597640836529,0.20696554947707593,-11.679608838084416,3.8330468287309927,-4.146387296283709
1600,276,1.84489736705314,5.253448136424649,6.36382392002916,-0.3805796810982696,-0.2860144043090345,0.8967504022723285,4.097772567890376,12.45873372304079,-0.3938288798972341
1600,277,4.804530385338927,4.851784589134887,8.37312116104161,-0.9742835279204829,-0.9482833808444611,0.1355389052233851,7.817088813718011,-5.680615960633601,1.1293497580853347
1600,278,4.4756944174703035,5.510559658086328,6.7139174607831755,0.0006388571328955365,-0.5139160509844661,-0.01529964338658575,-10.548333848678762,-5.138495915711243,4.3755252687707875
1600,279,2.4089890429503202,6.359600184655326,0.36812824677747297,1.3631878152450958,0.2028534999913541,0.7245680247558147,-8.042158763206341,1.5193845154829966,-5.464402363371003
1600,280,3.5034338514346843,7.0424122355781105,0.14141028312683263,0.3161680810094808,-1.221770485327273,0.41011141363286374,-1.880448497330611,1.4757888123646004,-3.1378084133308506
1600,281,2.90711392587385,8.802074059465424,0.2724994836919873,-1.3963463132494718,-0.7493535500296594,0.33546392753676696,-5.678740183952095,-18.183439234795284,-0.4165325068789934
1600,282,1.9600749107776743,6.740149291579841,1.3254963998928966,-0.015644734869953006,-0.1217019895977755,0.0001350563713226849,0.27795091477262224,4.745494865355782,-2.200815184221286
1600,283,2.9789916083970636,0.02406871946399718,1.3334466260977973,0.5845187109447336,-0.4973600130397231,0.6620377185658469,7.678903886606549,3.5480383648275637,6.434332365367762
1600,284,2.086413974553608,7.292243550070418,2.316095664546787,-0.5029127910887066,0.2648750204161283,-0.43300509134819354,13.023326866977788,5.643974175640133,-12.052477260439266
1600,285,7.195060912778048,8.261159526135577,2.3463704270073995,-0.8754880093475432,-0.7265673073086201,0.1759724019423383,-1.7569500056259566,-0.7559448943847256,-2.9868883584932933
1600,286,2.902337712263079,7.733784545637834,1.4669719535024315,0.06434757920962454,0.2702300767157984,-0.868274596931184,-2.3620565513110536,2.000790635624413,7.887969747291845
1600,287,5.555657224807499,7.6043993095771265,2.2588577693370504,-0.9057535881843217,0.8524571849637721,-0.0020389686935771943,0.3076417299267117,5.511024095115395,2.5849579457654315
1600,288,3.9430981997803296,7.297196841428555,3.0779448984773072,-0.9483505211829307,-0.7101760491687662,0.3416935286515164,-2.7100218572866863,-1.482939131302887,21.484292722765925
1600,289,4.296640000819172,8.408139773097679,3.4613399789882626,0.7718557084694677,-0.18161851569317383,0.1307928099989391,7.611980180673477,-1.2454393129912744,-1.9755070887388333
1600,290,5.404768866198094,6.976061685054729,4.846355676300316,0.46441138873102744,-0.20932332586418317,-0.6957204020227006,-1.753338815827972,-3.767577627339083,-3.7899643915249666
1600,291,4.576542019047897,7.796120066196351,4.421703359732145,-0.5880113654742684,0.2444089135276758,-2.2096016898913975,-3.981242334354182,6.130621008410583,12.739871383638269
1600,292,3.450459112725835,7.564087913542517,4.849404120304559,-0.2710761150444568,0.9770663983020857,0.6097724765503505,4.854945164041373,7.951441282287172,-0.18472899076314592
1600,293,4.42217228251565,7.182792434299106,5.664949410404017,-0.6885288114886318,0.2548089307955037,0.386240988573,-7.66938221535399,0.8658804407174276,-3.5396140998839853
1600,294,4.020322355596026,7.050211178131679,6.715218212544791,-0.8254963905926468,-0.07241117414970279,-0.38170261181744214,1.2857018132085454,-10.266311630412758,2.739567803654852
1600,295,3.456831977326954,7.844923766872377,6.3240573357171375,-0.0047252015419663495,-0.4173055446896107,0.6906687149793237,-14.158881548609184,-5.3031321251417305,-18.13101455154947
1600,296,2.9914655681624596,6.533171449524047,6.1623741098642695,-0.4831171027617754,-0.152084533751616,0.30431045146332103,-0.6286517148196714,2.1598076083484052,0.7954406245828571
1600,297,4.0120394618537105,0.03237346978570438,7.688459285425899,-1.563479436764731,0.44267469493619416,-0.2618289471665388,-0.43461464782869674,8.434434550610547,1.481375094616642
1600,298,4.75046507316579,7.686819508163081,1.071680327244423,1.105901128232008,-0.19244891794965216,0.025203822709506662,-6.223460512390482,-6.186506010605071,1.9755058111010737
1600,299,3.9498326272618867,8.017438699465462,7.199287015031803,0.5060205904717047,-0.12861773680211433,0.2153470882087938,-0.7987252037367546,4.757538177534323,19.81068670094034
1600,300,6.692355450938905,8.674573796155949,7.251363994205652,-0.9033737081598692,0.33006593880678614,0.7044091888347469,11.205270557489357,-1.8976818998232265,8.95167277419045
1600,301,7.917099875685488,1.396092481371194,0.3078238786775429,0.7100899824227568,0.7470467002900781,-0.11431301888827333,-4.734935500389343,-1.0448846461840562,3.7780002638759793
1600,302,7.278080552778805,0.3951775863782939,8.087486219296345,-0.578453856889849,-0.36083126177838454,0.09918369050691464,-10.112780960697776,3.503693835541819,-24.540984396413535
1600,303,5.109855187977429,0.58541128057648,0.2720545090261869,0.03575378048184619,-0.42989347830396435,0.7437640682097006,12.602484595022355,-9.187226126076956,15.973360953936544
1600,304,6.677176531490092,0.757750600705406,1.9342035050058046,-1.144698157574592,0.6546992104887369,0.5799422239863998,15.155431249985616,10.465249121054567,-0.4069694578583485
1600,305,4.861032831957204,2.200601673838131,0.47308035647856433,-0.7317441247129771,-0.5720728220353446,0.9613049565360182,-31.763061038073804,-15.025787957198508,16.745866415625656
1600,306,6.6031936214213225,0.1337897943830231,2.757035882452978,-0.10903913395672085,-0.7566639660551333,-0.3570644224845323,-1.0869160243900988,0.17258890970244423,-1.8191442878025497
1600,307,5.575027130323726,1.1790773990062726,2.0994358896217467,-0.5899164157685087,1.3103183211064118,-0.2279414870574092,-0.1565112589345661,2.1892241982904603,0.6258631276901698
1600,308,5.5133679735200225,8.507745957082061,3.6509451884863378,-0.851405349531833,1.2665578049920498,0.17499477880249725,-1.3090483093516387,-6.960640699900581,8.376493368509104
1600,309,7.723680214644593,1.4236137212368984,1.8754488573237156,-0.9827479227026796,-0.017096488085811306,0.8929361803871073,13.29861381787404,3.9195551708793124,-12.552158615581929
1600,310,6.579180630769906,7.72848926745787,5.572764578479626,1.0599603978961984,1.0465452282191305,1.1709059211329254,2.23100382362977,6.944412368846667,-3.150271268185308
1600,311,5.948521524251934,0.19692976093820186,4.567421418940218,0.1206498968645209,-0.7837277713055396,0.10887836297925599,6.509923772656917,-3.4187914782601005,-1.0152789865324916
1600,312,6.854154253844798,0.058956632142657346,5.202654134115639,-0.5309952016336648,-0.09492342256048796,-0.3403935819247086,-0.290280923036202,-1.8112700099124956,8.570694027055499
1600,313,7.022556704701928,0.4272900168879235,4.2147056919249435,0.27762988373786,0.41828267527935886,0.045888866971878925,-3.0700168303827655,-9.847107262024977,-2.2353445729461985
1600,314,6.360380137024753,0.1323210332643222,6.323209396786314,-0.18940634251090938,-0.3291918869795205,-1.74852761822984,-1.0377050135511057,-4.538272194898946,1.8890919917744797
1600,315,4.30372576609401,0.5318593058485517,6.541321290327548,0.26400499826032414,-0.21480734455044606,-0.7572131541044177,-9.635260613523917,0.46176265835488506,-3.481557109435156
1600,316,5.416869900932644,7.5191322203804765,5.774045399508622,-0.41207485037199537,-0.4835907474699156,1.9029435931378873,8.65201440219947,5.689290231167577,-3.04801370727665
1600,317,5.175359642440376,8.834407426845212,5.799007535061147,0.8293628402392124,-0.4958145331065228,-0.3071226025767978,4.184716732242232,-0.8775562332569832,2.2320611613829104
1600,318,4.700223384552595,7.96077193626455,6.4628350261482534,0.8077994829403797,0.5169912127843569,0.4085547072627587,2.4586434988152086,3.3765382057342466,-3.9401321811245875
1600,319,6.2800797452633255,0.7839397660936563,7.792874679999243,-1.3516279034981242,0.03926084467283722,-0.48392117010148505,11.250811828874365,-37.46083126663654,7.84750291841921
1600,320,4.819067441691995,3.196774749094375,1.23731952665008,0.196291038112121,0.5014922810138904,0.170168113101365,-1.8949700561204015,-18.958900465246092,7.921567619445104
1600,321,4.493894275334662,3.6564964557621646,0.1915535142976699,-0.22365540100356018,-0.03724199192559717,0.16157151869275976,-2.0720466541944127,-2.59265448671084,-1.8018903742906132
1600,322,6.479050888466688,2.35492971514007,0.8105598137211346,-0.032570088233826906,-0.2573819629290653,0.7774343140688709,-15.06306916631259,2.8314002250744825,9.638480135504722
1600,323,6.856455237404361,3.2305490781706294,1.2620508964629695,-0.2997115852589286,0.6273471216737376,0.18261759283026546,-1.9392475196614893,4.349733342937847,6.609230581684962
1600,324,4.933629141649277,2.52183861775609,2.3568187282134776,-0.5475081473865973,0.012500168967520238,-0.2552902027537757,2.2227790786104507,4.1677184864455965,3.24577318294957
1600,325,5.3276057051356185,1.555571225893927,3.3221488807080513,-0.054867895278043345,1.8418037410200299,0.08191996287372756,-1.452864533850312,-4.636261831708583,-1.8709406719104413
1600,326,6.549077982093138,1.9258529902375292,1.8266292141865657,-0.7656965532449448,0.06686999894116122,-0.26915521569147904,0.8787241328676657,-4.7346806379242485,2.467947212202045
1600,327,6.303446197056359,1.4098555212525448,4.6959724744293965,0.7137343882935505,0.2929520394225645,-0.8573234927955568,-4.999586147732308,1.170684460949299,-4.474670969151556
1600,328,5.2795847772888855,1.008323275789697,4.492007907685034,-0.001177577390265647,0.9542912655669308,0.25597195114438215,-5.965760474696473,5.247293219761995,-3.2357434764215016
1600,329,6.245841398142876,0.999704869143973,3.680702380903577,-0.8331065220618541,0.7187496579323283,-0.5782290157204383,-1.1010776904022725,-2.5075802300742533,-1.9193213050259637
1600,330,5.989921052738618,2.589654373979953,4.828125811044846,-0.4501758394769103,1.2957051995014437,-2.007377195173612,9.446284626602758,-6.116556806549974,2.51312876847571
1600,331,7.015524955559523,3.1492716986662295,4.663393193624309,-0.49012374758004534,-0.1844033331717489,1.044771586567337,2.7378404068724564,10.984127508789475,7.463476569188876
1600,332,5.187371130799345,1.0077968579321959,5.892790780033488,-0.33500928234186134,-0.4031635438870954,0.06960607254439573,-1.083018243020328,3.2355439194156705,3.1137733229585427
1600,333,6.49815588795824,2.8523084600029174,5.841433977356542,-0.9223873702707778,-0.20338647625880227,0.4563753819519448,11.925028694748919,5.144053591252635,-6.0888312770734485
1600,334,6.232135684314228,0.8509812790366778,5.5917337867591534,1.2132574625820411,-1.419531190621415,1.161840690422092,-0.9813429225602802,7.251565570339161,-2.470748735545566
1600,335,5.646486534285198,2.232357378786159,5.9647527340354225,-1.3414022971905728,0.03339587632752359,-0.8107899144876201,-11.837648732840142,-12.755448311714687,-15.625077990272395
1600,336,4.41469374709086,1.3033140205779987,7.529722284545397,0.07901220840169391,-0.6147608384933382,0.17133673418711215,6.169632356965466,-2.0515375598276915,-5.2360467403555635
1600,337,5.227698038402076,0.6533813561507021,7.00513882657547,-0.46820443154029173,-0.766227301626897,0.30319050887459925,-0.022300273508958746,6.692776171135716,7.38525038820369
1600,338,8.434503139684924,0.22951019404428694,8.260326064359585,0.37213823898031567,0.7311027528402085,1.5792859551743919,8.408207894557902,-3.27666599734032,-8.701256808291511
1600,339,5.651832547922448,1.5442709940186798,0.5940677053190335,-0.6965615719318764,0.5130460122651661,1.052582937878477,11.18141867090106,-6.889875324904697,1.2746108833471015
1600,340,3.9542954037902383,2.564139189264452,8.785746156629855,-0.685899596901258,0.05111791909357241,0.28030471977396576,13.88528836059635,-5.577898725202889,6.344379911031445
1600,341,5.508325199137768,4.158112306886729,0.2565642103834018,-0.8356576005138223,0.1873482530325511,0.14921813005042683,-16.052906401624714,1.5245326538418809,-14.606312038706482
1600,342,5.2843391391163825,4.104723178610057,1.326828528816015,0.02085587611271893,0.7210177191697964,-0.9276320025471201,1.3553537342476871,25.14933793859181,-9.841352341064146
1600,343,3.9552259075272,4.773768649588675,0.42071620268910315,-0.10571056818765118,0.15207853178145914,-0.32188515355904945,1.2598217548666408,-12.488668291825821,0.6200481116768457
1600,344,5.52890464883551,2.192683671701571,1.5050442794871823,-0.9084160377563851,0.30232300038862553,1.8241233339786942,-2.922560835369974,-0.29313862936091556,-7.263237006454037
1600,345,6.135430345667078,4.19084075325096,2.020013122416099,0.8399398536222366,0.29367012703208223,-0.062101943977978295,14.39250013494066,21.985600071290115,-5.5595524948335076
1600,346,5.8163054582409925,3.2796115076015284,1.6318709676468877,0.6148590910233405,0.6843724693552969,0.013051787427792907,7.422291198599044,-20.171515023515195,0.6953124376483232
1600,347,5.180107902666599,5.03552481962932,1.9619455835865045,-0.3530430122472755,0.5031646409048234,-0.5584609089808789,5.413725717747722,-0.9579386268320428,1.5965400065868824
1600,348,5.1187620933502505,3.1714307507390083,4.851153153319883,-0.6304371261932267,-0.26835194706356275,-1.2463010054404993,-5.838399312715053,5.855260041826598,-7.140206554570888
1600,349,5.6412530910473215,4.546334592049229,3.0966935832277014,-0.27799198752658927,1.4746356297158798,0.43684153266185194,3.904324194668504,9.4281797528429,11.246879103294518
1600,350,6.048011999700406,3.723907484827889,4.767518392613667,0.8528548156938086,0.5062961332898878,0.6059945104475549,-1.1982448545622322,3.703304356491318,6.106877072303232
1600,351,5.169301059780013,4.175466045297017,4.096566286235567,-0.7327554155649322,-0.34493013801739625,0.5967685664834265,6.153408049796074,-6.091669578422074,-2.309870665841644
1600,352,5.640373751687335,3.474220295922575,5.900897062236371,1.4146845631100264,0.468574785292899,0.35243449234049873,0.12176963365881296,8.301157975778416,-9.812474169433596
1600,353,6.400056946734133,4.4128983477914,5.809336426810426,0.09660190099504155,0.6617016027225087,-0.6968370590615747,21.63541041213128,-11.20046039040934,-5.844672431220504
1600,354,7.0263824983398715,4.27644185782947,4.839089635545769,0.1759688194650464,-0.17493152182100857,0.3414362300762759,0.3771436733845699,1.0425518948061283,2.844148049994279
1600,355,5.971156560986755,2.71255072416305,6.794232807840871,-1.7700355582021554,0.7761894099190889,-0.5388990499325922,15.95976597921045,6.047449001778725,19.20219470063496
1600,356,5.8456317316983615,1.6359121177881115,7.62440967348276,-0.5437423058423781,0.9709913723576953,-0.05282346665303112,-31.01909810385988,39.78327365038962,11.215425908657092
1600,357,5.821157479356807,3.2746672348159684,8.58455973096483,0.7915408765302735,-0.6333663412945262,0.41232031580093464,-13.551817154102844,4.18636020297061,-5.93329072775682
1600,358,4.966417627773505,2.515468963876585,8.45505804134937,-1.4922492289697968,-0.3249438112130217,-0.2621150940479326,9.786936710879372,2.9386745122964104,-16.37937142270514
1600,359,3.3848553801630703,5.91073145920101,0.3433363095067563,-0.6005151308436331,0.10650175069454124,1.0745713371835892,-4.704948752072712,2.837972553677005,6.960364423536079
1600,360,6.976277424666097,7.431899882880062,7.79408208566726,-0.03601689373947322,0.16711672658482116,0.31814828861191774,6.609445971659632,3.710682871146335,-4.910904055825494
1600,361,7.593420081186469,6.732957076323479,8.554110461012078,0.9485103967561245,0.08965238977288272,1.5047693644918265,-34.394364157087914,12.421159815945831,15.522965568336003
1600,362,5.498834081156998,5.1093578788190435,0.8569116521401472,-0.332196155819622,0.4676275726615894,-0.32519013053101514,7.084708478767463,-4.951593229725767,-1.885877197095202
1600,363,4.362869074455243,6.438433594045273,1.0714669060591815,0.5759624383863927,-0.2043240448644093,-0.7786087889317367,-7.537396747195536,17.338802346127633,1.1346664374028619
1600,364,3.399779783369783,5.171609212901335,2.7019579581644724,-0.7943510039303242,0.2337751813505993,-0.20701911504161769,-7.331210877312695,5.089707129068513,2.031392336382688
1600,365,7.349102053539704,6.542686858707847,1.0697354075621137,0.3972214160315877,-0.5660923807015668,-0.019927573483518486,-8.545743730891015,4.362426711402476,13.033422288684049
1600,366,5.37228424880152,6.635544529598363,1.8688413730508933,-0.8363081272222752,1.8506511856968686,1.392349319787261,-17.629715852151033,-10.158560772625554,-4.332053293733805
1600,367,4.469629714028116,6.474402875170888,2.6336375220168233,1.204088118413873,-0.038647471784912735,-0.53048832725788,5.177081933998365,-7.8718534590395235,1.0185443779991001
1600,368,6.052611305181313,5.486020411494286,2.5922105979290633,-0.5650675972785087,0.8254979679421688,0.002253237412259278,6.524889895552414,3.669255740871047,-15.177473985042617
1600,369,5.074870324338768,6.1928326364717075,3.973800161784424,-0.7643558102022926,-0.6678496390817533,-0.18371183605114733,-8.44951542638022,6.23760620306057,1.3678842767128614
1600,370,5.416755854596056,3.1770095938751006,3.70850684150211,-0.6506641346169927,-0.01305773866660077,0.10562822261387719,0.1094021519874902,-0.6917818455947735,2.6234491861113685
1600,371,5.036387381063625,5.089168367615587,4.605430113165325,-0.38822036621148587,-0.7528540180717984,-0.2906003249845318,-6.248453486309606,6.642267981886032,0.6674812796187259
1600,372,5.426176658470036,4.626823517135557,5.5585960987508365,1.1566663083054498,0.13258650381798914,1.1016117392658975,-7.210532287191556,4.711996646359703,8.835215542157801
1600,373,6.0957963861105045,5.10952353527421,4.902231313501497,-0.7980633062564066,-0.5313343869859876,0.3915047733699743,11.540969542012103,2.5089016800359323,-3.9215793680221385
1600,374,6.6956443098130025,3.620607743653388,6.777597758202372,-0.16479468362716118,-1.0548512371410939,0.6854075241819373,-3.963726244718382,-1.4476119769889164,-5.746098770619225
1600,375,5.930795436286283,5.019599060369603,6.501429123034038,-1.0482106451841604,-1.2442195503046043,0.9067882566766928,-12.593243325018495,-4.540581698880018,17.502001607760125
1600,376,6.3144568794491125,4.6904136170128305,8.056145101384542,0.3360552640976645,-0.966945976336088,1.4014204556249903,2.027357865112283,-6.410209075251474,-9.084513707421385
1600,377,6.219180815056447,6.732171579531504,8.015183130403736,-0.4083982625577689,-0.41183467335836793,-1.0012260146506318,-2.4356492097773668,-6.786625154499404,-0.45536870159382875
1600,378,3.1055244052493114,4.998498068221414,8.760878088838574,-0.852910631762066,-0.27210732990786646,0.4844090579710153,-11.095280693426307,-0.3123345276970926,1.6152484536548888
1600,379,6.0858356880372835,7.295351467340833,6.5892576784903705,-0.4642619896432511,-0.8741868215769346,-0.3644412662277617,1.467306418940552,4.456812561609911,10.113575914370525
1600,380,3.0957961836959,6.729840665563868,1.0907924088019298,-0.14322904631993374,0.2927266178669292,1.577841583675166,1.3457144456077967,-0.7107296792949428,-3.9469208735274415
1600,381,7.53638349064756,8.293364339819055,8.131503253300004,0.8208460540660182,-1.8440072253583548,0.6096726718262896,8.101760521125842,-0.6080757119070648,-2.291291843881103
1600,382,3.612552316367057,8.092486590491687,0.7325114938711971,-0.8183510648711936,0.05436965725251226,-0.035688288216773,4.0958585600401705,-0.04640831198149635,-3.410418814686289
1600,383,6.281687025375783,8.912040583081497,8.660394505464073,0.5257080999189525,1.2423536248555656,1.320771596796151,5.980018477119457,11.3422175621055,6.540575083437658
1600,384,4.065992061028289,7.302825229283347,2.0609864734080783,-1.2038555876014516,0.22327053223130205,0.12387284549980254,2.752150519426402,2.449660397477441,-22.885489039936147
1600,385,6.398914701486871,7.542771267420164,2.980091523186163,-1.352334735941397,-0.5589832714129922,-0.48058065312109793,-6.11919314354992,5.692397666111989,1.5372943745495946
1600,386,5.904352070356353,6.49028774555559,3.105652417942106,0.30759423680279674,0.73039196587159,0.6285537179906202,-0.6996187220767075,14.422977668814582,-7.4445274767396095
1600,387,5.007375026797901,7.414075813658069,3.5616275191559086,-2.0266918115588526,-0.4454514102875875,-0.1454964310862431,5.091495017748022,-5.698895860681554,-9.40826215355438
1600,388,6.364093058418916,6.705831105228301,2.1203697352160544,0.3416481689619119,0.15303507819569243,0.254723231596977,15.429100339623194,-0.05974106547383268,5.597514733386721
1600,389,6.236314873371746,7.0776800879539445,4.104509574138061,0.16642087346495962,1.3164255264040479,-0.44522054811284456,1.1808278787837507,-2.2852178035600548,-2.5209438520960425
1600,390,6.325541867382284,6.225405415808232,4.877730335751327,-0.21289475323148005,-0.2549625499558612,-0.24953912256442395,-9.733519262433914,2.901769525164558,-7.427009487520347
1600,391,5.698399766290146,8.056907327491125,4.7540354996680225,-0.182092920492227,0.21593611591647038,-0.31342059212205464,-1.4709323502728917,-0.46541455670291626,-0.27034805132663964
1600,392,5.342556680446835,6.124335873623364,5.682483906450329,0.15044146997964025,-0.17670066094107853,-0.6453087656601443,5.5805218131832355,1.0874945762726318,-3.1833343181808087
1600,393,6.464481444362185,6.70214757058686,5.813499180947668,0.055614126832917894,-0.07234841249363025,-0.14460001093391506,3.616077015013983,-4.395332644083459,0.62246614281138
1600,394,5.412964883642508,5.954834468410709,6.773248859603906,-0.0312718653654496,-0.6512214243013178,-0.024331801570806822,5.282087466331191,4.735243404906542,0.36823666475454697
1600,395,7.650641157286413,6.0396457973525886,5.814805131856109,0.06612002112956747,-0.35530487405483296,0.3648670267585831,0.5785962553381363,20.763305926312967,-4.189276333674311
1600,396,2.367416559625447,6.93107480105565,8.155238265077054,-0.506031509908673,-0.3613953738045335,1.0839054974423834,4.657896963066502,-1.7952168797559842,6.499769575101553
1600,397,6.046228059044622,8.17920418963233,7.973451875876246,-0.6048088945094435,1.427086807290323,-0.3635460767096318,-1.9820038965597786,-10.884181016647899,-5.601020737842965
1600,398,7.218335724270237,8.357661868950384,0.2393679306030031,0.12928018965958074,0.4589323668835623,-0.9546999821029835,1.1807014650450958,-4.815705375027405,-0.4492846012157582
1600,399,4.971630900157799,7.9524389743183015,7.678246053384688,-0.18201044198191507,-0.8393781716055898,-0.49957496754828273,-1.2639291103018702,4.2778969845042365,-1.2157568422785214
1600,400,8.302501964049913,8.515634104305345,1.3962487429732453,-0.15258584882583842,-0.22569288657593942,1.1081409862113178,-2.6339561085261054,-1.961338084382192,-1.4127335820536144
1600,401,8.30217768150489,1.8689597067812,8.389768894065517,0.9333619843916539,1.5403771444046672,0.2309720725717388,7.854409356269787,3.5740401865330864,-10.434809806734163
1600,402,7.975726097123027,0.40540504236771135,2.0872799363051886,-0.7839537878837652,0.3544528244737079,0.029912318700079613,3.3135249405627616,-14.66622683578994,4.834314188001655
1600,403,6.793648931545053,1.3145576547276483,0.7634869832134074,-1.2141871676475917,-0.1078570377306267,-0.25871653022568547,2.709092491373219,-4.675414477904997,4.140251363251031
1600,404,6.886871357465892,8.831504152506767,1.1680388940023427,-0.8233235622556271,-0.07995442755557941,1.020654368679147,4.191756574142028,5.628361503468816,2.8851436562769956
1600,405,7.432991573829702,2.130431814869512,1.221017796901593,0.030536585761325064,1.5725738617588967,0.2852035916317633,4.579844650432462,16.016742366318187,-13.618612011994252
1600,406,8.903838967850275,0.17922657734210698,2.862203096742108,0.49093090676081913,-0.1699248428042396,0.08821382525346916,-1.9562689812029115,8.675956342490492,-9.958526464177755
1600,407,6.697009989820394,8.091663426263928,4.175080355895321,-0.1547694756312972,0.3148036550794712,-0.2659511277526321,-5.471242862372936,1.293587087589367,-3.6121050169669573
1600,408,7.727085257146984,7.429563330893381,4.155036856692018,-0.31150791953264084,-0.6917885677917248,0.3903631381164927,-16.617139203003607,-6.958851622675506,11.067659990090899
1600,409,8.245656086942754,2.1705487657942117,4.138775702611847,0.3874965178329264,0.32010932200443126,-0.5116136375558926,-0.20665020985044202,2.621977982964205,-8.639781112869882
1600,410,8.283048352059929,8.235217753818281,3.8052428853497617,-0.45018741608827034,-0.24913209004356082,-0.42119417018673655,6.0773526682949095,6.498987081032883,-3.116353764198938
1600,411,7.383792042518864,1.2888395423495762,3.7160500388015754,-1.0860664151210444,0.3109139424782802,0.4977838794634301,1.6467415135317514,8.93942666376465,8.558123735510645
1600,412,7.318862597419472,0.6492154357610243,6.062693920225522,-0.5869133041811245,0.8363544042517287,-0.17993565941515927,-1.4823636353220926,18.25897251083193,-12.260637243790114
1600,413,8.005788127435567,0.3072955023351883,5.292480335796346,0.5406979643437049,-1.2702939744697164,-0.1998519016019067,-9.033574395220048,2.272703114150291,5.827067824420073
1600,414,8.734338485043255,8.382823393798702,6.095168213154423,0.9417177185928215,-0.612152558261964,0.7410151865631328,-2.842799176737045,1.6867024157214214,1.5815645906486584
1600,415,5.932848972302452,1.3360196048474482,6.65546006521277,-0.47549914106601354,0.8905262550516371,0.9090239054424182,10.236464538560332,0.8080538189645646,-20.991215976904225
1600,416,7.612347379976364,8.056266875917013,6.992214546067155,1.277028076175036,0.40498263326940825,-0.9497703149916543,-5.548787943746675,4.083968504853248,-3.197902747021525
1600,417,8.109824124044072,0.2722667630464643,6.855489185161642,-0.44254909812989346,-0.3443634810646548,-0.4136309342094237,-4.027811388853409,-2.41238937827245,-3.170947384492803
1600,418,0.25613508428997633,0.8151004243993804,7.064967486080316,1.50500864229555,0.005944041009506771,-0.19117820949884298,3.8078129971606325,4.791707770307124,16.55105079987645
1600,419,7.0224256268652425,0.7523829515919566,7.039779422799346,0.931344628384454,0.18265184121358,-0.6682238247015231,5.340347694120793,-5.279113232601563,5.116688866051945
1600,420,5.557813439356875,2.908562588610703,0.5565633027703872,-1.1997023470569044,-0.4073262666698343,0.6370809534254807,19.401399675090985,12.069710671579989,12.379448216193772
1600,421,8.02471027775235,3.5224632202223307,0.332870178972407,0.5403822019773792,1.1818502899496193,-0.36311492840661463,-1.93187029171343,6.786533353986635,-1.3398120126554116
1600,422,7.8984118366323015,3.1971429226167882,1.4096319082094049,1.2558398814384863,0.15405519883169663,-0.9396281875592735,3.6646223183558226,1.8104578951878423,-0.6894986195912518
1600,423,7.791540310522555,0.6626611523101841,1.0634419859838662,-0.03539401276450678,0.09394690417029469,-1.3541850526621502,-2.973709618710313,-2.297917395159467,7.572366423225026
1600,424,0.05080581703737575,2.59219508081484,2.9350236524029425,-0.8210275242007004,0.2609303181909552,0.4404050457209871,2.228455012868206,2.130756627175645,0.10696835727296003
1600,425,7.709197861397775,2.687154327070242,2.4014562025821156,-0.5941664142957281,1.2052636893205362,0.4382275213288557,0.1997765357699684,1.089630711705269,-1.7187575373713602
1600,426,0.888905042761177,1.8681237019412307,2.3808349013471264,0.48149763758355324,-1.4516633475099707,-0.4130126857874755,-0.7192395066292476,3.9057677489386635,2.501259746057539
1600,427,6.689739413939673,2.4608871346401773,3.0884830982300167,-0.12649273731277494,-0.25282499279828,-1.185258686685205,2.3646573761707357,1.0972660108600678,0.003355278714292164
1600,428,7.387225743398693,0.9975484045301286,2.700560774338108,0.8483253920800468,-0.8066363362231361,1.405316602299555,-12.782246809812449,-9.595931207504389,30.21544769586621
1600,429,8.151676638249775,3.233269941387824,4.410193756741709,1.4926209168937357,-0.9817166690125698,-0.2859296221598456,-3.430573579373107,4.401733075358153,4.376123346399962
1600,430,7.703246640408426,2.2111948556920846,5.0451249479153155,0.404471005686744,0.45875239506200377,0.5106522921204771,-4.881478715391736,1.8049370705140204,5.598861129075289
1600,431,6.910437800858013,2.195249617953706,4.27696381503898,0.18454467817298273,1.4024195051201607,1.1729203649621687,1.7879751559888426,-10.555070068668709,-7.076602313781415
1600,432,7.313322949670623,1.132823897928509,4.954470463959783,0.5401126793878452,0.3479042518069493,-0.23933585175110608,-6.73421050303846,-4.629486803287034,2.7965488282853057
1600,433,8.195430264380853,3.5258632444993023,6.511382836510084,0.10759055796867116,0.45198000750488326,-0.1955179828101876,14.254965167821886,5.5849883750621645,-14.72593787087309
1600,434,6.823375485850522,1.8156332510350675,5.598070201226829,0.6241860251538525,-0.5134038081550297,-1.2216330105298792,-4.603636821638471,4.5174670313234015,6.511086674610006
1600,435,7.620319587660438,3.6072526269515595,7.336560838792104,0.8869355266172783,-0.13395088268742356,-0.521664406090154,-12.514781307199568,6.10925451419086,14.341483876084435
1600,436,6.7092718860739815,2.031634753592314,8.808687447264129,0.7918197554483498,-0.47065817538357047,-0.9227013270908477,4.708304457652162,-2.6236786999505664,-12.928653260244085
1600,437,6.804406107276579,1.7625914709328065,7.194914903596006,1.6132142811966703,0.7253069370627586,0.27180560556919,6.064471099958842,10.410687810983916,-2.8112777366128103
1600,438,8.048431565694143,2.4601266048527273,0.3338617026542218,-0.7636326873125784,-0.4930315720607346,1.563207330343488,0.40839521157753195,0.7572736654900896,4.224073104712686
1600,439,6.86152709264561,3.192490968252965,0.16419472435969948,0.6479012358043633,1.1233306587660865,0.5748008259134288,1.4526506275580888,0.3403470547130613,3.159878494964071
1600,440,7.0193145284633465,4.369028532224812,8.831564918492981,-0.2483247286899331,0.7873615492705275,-0.20042436175067813,-3.6951131621377327,-8.590647600029174,8.553030904328908
1600,441,0.2297821753307404,3.7131046450249228,8.734309086636735,-0.9883589761404088,0.24267657162365305,-0.024902113052731264,-7.753221160858114,-2.1339859486089043,-1.598133940055158
1600,442,7.658493735291994,4.318647765508591,1.3025128840876423,0.2811833380353605,0.2957384292907373,-0.1517484821800491,-2.41156671059795,-1.8456336523981214,1.324490669532639
1600,443,6.3289828859642085,4.09774092555878,0.8417809009963801,0.318117391015236,-0.12121570189110788,-0.30397450408079996,12.757182101787178,-5.616994419823681,12.323693542245802
1600,444,6.857399906928165,3.5458085456551864,2.4349990917653344,-0.11014531532415482,-0.1874519380857583,-0.6920816848873507,3.1010971809566517,-8.07556043734647,2.8765847862934684
1600,445,6.982525724017744,5.311087785046707,2.124356519437249,0.38500049731858643,0.09137469530519504,-0.5046067678374125,15.623149743127575,11.223780348236161,-25.494581667928156
1600,446,8.426839503715085,3.603740121785293,3.351427698244212,-0.10559756344673853,-0.34074494567033436,0.18520910279608288,2.4918669572419114,0.18574633878579294,16.912774676260533
1600,447,6.699980419555758,4.686334285708796,2.8446610886321344,-0.5647791112790296,1.2894212121206228,-0.8848541500922289,-2.0575990406902847,-23.38897819916291,23.36638598774102
1600,448,7.3931801721892,3.584040398093461,3.6583561771910222,-1.135529494810856,0.08859205993770744,1.0093233487076605,1.7637360905078536,0.8238353809091239,-1.2019518134837377
1600,449,7.662714327154605,4.831640273859244,3.342678463552281,0.1956418160237551,-0.30354706721652513,0.08654919245561346,3.636992011108984,7.719403947637633,0.1020232706974385
1600,450,7.471108580300568,2.7452746182563046,6.352263099815031,0.5946593292584996,0.5227944530385173,0.7622840684780053,-2.92697194985106,-2.7328722626161293,1.8730168256798208
1600,451,6.390888253883431,3.9092018949430973,3.7530335571120825,-0.11671878036180297,-0.49989513415467396,-0.12653622844445378,-6.611281469022911,5.772533491656362,-2.283179581972192
1600,452,8.160844177205986,3.0734261830942375,5.524277095868662,-1.5725254718572892,1.10928477566239,1.734762361026228,6.232031585235197,-4.610902171730377,-2.9656414546113843
1600,453,7.377783249710395,3.7625409888931105,5.832412038566257,0.10025229916513953,-0.1679272993900922,-0.8842855602855153,-18.46359491828634,-0.6351979909229128,5.482851988668925
1600,454,2.4489616691934812,3.49104056732322,5.347553443995437,-0.0006974733660652885,0.9073869943821166,-0.1606809243873653,-8.878006329487913,-9.304681056390557,-8.333792357883748
1600,455,8.51473165998126,4.679696886139796,6.079760920664214,0.27834021216775345,1.321176122407477,0.2561430313239913,8.086784590993714,0.6611085286920867,19.585895668482767
1600,456,6.676862250061997,3.400262865785805,8.065355339983881,0.24054848423747655,-1.9791143741825672,0.7151343323759104,9.622190269317517,12.016222362517796,-18.807244769837148
1600,457,8.307311389991543,2.74596789973982,7.366381062084942,-0.49793286185567864,1.5391816877605453,-0.8015451143927402,-6.795886383609246,-6.561070542010541,0.9679621232268918
1600,458,1.1926820476111584,3.839940053604593,0.19444488791229975,0.9757949603522631,-0.7497597517609217,0.37438337298475666,11.82452834861879,-3.9546539582359626,-1.1945759575077852
1600,459,7.562080600949338,4.744138799003277,8.015932259912454,-0.3291123732770202,0.4365290944159715,-0.32790184275330464,-0.4195851926596385,3.243181641741898,-6.250943348626916
1600,460,6.67580092310982,5.100635932972056,0.6537123761077263,0.2764608055648758,-0.17783847969342148,0.0351829606324417,5.570356778305303,1.6967883036556035,1.4062410750873926
1600,461,7.00342937764848,5.74261101505979,8.588632407130408,0.4606052348915793,-0.8845511790575135,-0.008050626896147873,5.499879116658278,-0.9440283043552579,-0.9319847361432325
1600,462,8.462473548235774,4.904050987148771,8.704367160959176,0.3367636727210116,-0.41121339206553037,-0.06585043141242923,-0.03376552280856793,-0.8231589970975502,-1.4267340304544804
1600,463,7.831280447088216,5.445766840292451,1.2550703560863576,-0.08245751816283406,0.26089194934594756,-0.2081547784668305,-1.7413932656824562,-0.4222901590279605,8.627103301972475
1600,464,6.2099360351746205,5.845949038133003,1.2920707045378348,-0.4300921252978654,0.3167704638878725,0.5805661583364392,0.6627525665009135,3.104559956706594,7.930355484161481
1600,465,8.499615548403835,6.454248817717338,2.189067031683907,0.27742506342901835,1.0918015256196343,-0.08810146577843535,-5.4669521545193875,-2.7265313911793916,3.0786279827858944
1600,466,8.1452990057239,5.958401412120594,3.2479858842964515,0.33027925459563584,-0.8911261650877002,-0.09042187783961922,-3.7439601516062178,4.945967692498477,3.039811709443065
1600,467,6.9245457277982485,5.78240379761602,3.135090364245907,1.0976710164299637,-0.020055379481595307,0.10203211289693885,3.339459606299638,-2.251719545316761,-1.7949953821062807
1600,468,5.9115897745720485,5.6453017094627524,3.674143558644814,1.1214380834023883,0.949481140033858,0.6240130657485504,19.44665509306529,-21.21975576026302,18.30244062227799
1600,469,7.273021804923157,6.2808021974405355,4.009942122635734,0.46171353180434743,-0.6250089761791702,0.2729671262834067,-5.313537841048689,2.943783202035253,4.030691092147868
1600,470,6.831762799845787,5.0021466691888685,4.001188545815931,-0.4272123127533445,-0.49721897869888604,0.7294119215969135,-6.342152291155382,2.714978528859045,1.0581313182557492
1600,471,7.189351119350414,5.64311028428618,4.9329763762884244,1.1209993074580453,-0.36958903023852957,-0.9831947299383333,3.465361765677824,-10.319039150288376,-4.524592372894008
1600,472,8.178523300774238,4.1362535743125255,5.301101703812633,-0.14721130934796336,0.6982005188674306,0.8268077479218501,0.27093794008065025,-1.4272085053037422,-26.986425388848442
1600,473,8.33460883061575,5.263959955198317,5.217489367068126,1.5674861148366857,-1.3190199680147012,-0.41778725288767193,1.006006199081007,10.198414906939277,1.2761268001570114
1600,474,0.8984596643384068,4.7889436007533845,6.101784567393123,0.6798310933010142,-0.9661018899806576,0.30449778748909606,-4.548674970423466,-3.6190899223139867,-7.942826110287124
1600,475,7.449002642252613,5.024639815015627,5.801137346386258,0.9035639349546023,-1.4097041815856857,0.06536634640808706,-5.7864641782360895,-19.45449350164974,1.4805093800471134
1600,476,6.984615832708921,4.6957090752701,7.009397154462925,-0.7219194111767608,-0.1678381327151215,-0.18379414662151186,-4.153666825157346,-6.170919119907046,0.39329350894262793
1600,477,6.462821052304573,5.958995588579414,6.9578864443992,0.24228510410694065,-0.48737657713789656,0.25213805487354746,2.267961412103495,-2.7272990478725365,-4.535525180735178
1600,478,8.254792044059144,4.659482386471051,7.175715518206424,1.1978121501685919,0.79445982384978,-0.7521730131455376,-1.370200444531334,-2.7585013144420065,-2.3207938617517003
1600,479,6.004812988680821,5.383134052858023,8.791958297170831,-1.391571920946595,-0.44977884638713433,-0.3865609173496334,-9.27854460758552,1.016408757339669,4.577733446010099
1600,480,7.2094854352863145,6.325612289752995,7.610091747390245,-0.7099118011683099,-0.22190223068850615,-0.37358812667151087,8.455080744078245,2.4393852081686194,1.3635034587337476
1600,481,8.366285296634027,7.444790626950966,8.787802353448866,-0.21823126186570585,0.5956433597007539,0.8004349779001952,-1.294284225450091,0.1720854360152621,-12.055036214653596
1600,482,7.806817555185901,7.367647329460528,2.0258025074734016,-0.5925017055212843,-1.2796789042122407,0.552134014195696,3.000165538953939,-1.557796817711294,-2.7839070819031124
1600,483,7.823543140469588,7.521895877163842,0.7891677224783835,0.029386376752382336,-0.952756869600645,-0.6469952389186767,-6.213448899704007,6.95830646133821,1.3292518017351955
1600,484,7.403318008636751,6.312633362506713,2.1914758607544704,0.09830854088512722,1.2000112088691297,0.18718392602881623,2.624991823709296,-2.7902152671350007,-1.3606014542064462
1600,485,0.021477085673735873,7.535408791679924,1.9491916832496412,0.1244280437184313,0.12143865827507067,-0.583038413698168,-2.3714651493989316,3.51525291519063,-3.385248312322366
1600,486,7.197958238231377,6.878040957300593,3.0984148354440433,0.4783564604964491,0.1843540992597647,0.2189907281229683,6.596584682242608,-3.108974834447226,1.3995323672186084
1600,487,8.277614930173032,8.33309704824606,2.50004776286443,1.3030915047450529,0.47419830677582364,-0.7484901030659787,1.9487305422009622,-5.589742915016492,0.8331624222604417
1600,488,8.667234746599533,7.053368282895695,4.819623091548793,0.6418007178191163,0.14116762587741138,0.6123154128458034,0.8540818888217862,9.115137544241103,3.8037390349448086
1600,489,7.3428168894421555,8.73614691946772,3.363811470833771,-0.9680143313522098,-1.3370956033380479,-0.38647058256343514,15.69668097690008,-7.048976978679793,11.058127151425701
1600,490,7.436329357086456,7.109801129968299,6.392708332601168,0.7940948305453016,-0.8979819086134142,0.46067319218760094,-1.6551735114023078,-5.271193595104017,2.002491562732808
1600,491,7.251703689650055,6.91500505563233,5.013843001615674,0.040303116713884,-0.8759607360076747,-0.10435182446932428,-11.118628556980106,-14.274369515952381,-6.429731307910014
1600,492,6.470884882641659,5.638996528459104,5.889207644915612,-0.01454402858391063,-0.4561434081719972,-0.4508285302787662,9.637657846630312,1.2499817426685806,-12.617044844095874
1600,493,7.570950650731606,8.404187109261537,4.678724361766713,-0.37805030015790003,-1.0538857409308644,-0.39738737406407443,0.6641988379175171,2.206412560270604,-0.36129151259458525
1600,494,7.869624922578471,7.558713154121312,5.508199462297579,-0.21823065546254258,1.2594400866334678,-1.0820977428025207,6.572955979508179,10.94708594580491,6.033966855573931
1600,495,7.5705678545434765,8.598572175722257,6.014823783832958,1.508653847008396,-0.6119159953402945,0.8131242273763132,1.3028172494365473,-20.152740464976024,1.419265997918854
1600,496,7.542482883624565,5.563765035002291,6.765355008488822,0.5902209237689466,-0.5123681118027015,-0.49592461118133185,3.1003764272183494,3.3754517620387414,4.120482173767509
1600,497,8.215444021793312,6.426156690146567,7.0100084201110215,0.7809071944543828,-0.6355756225451017,0.41123476632317657,-0.44746334736543425,4.962270163916798,-1.0820777800346641
1600,498,8.411976749595532,6.442764390908053,8.108045547161739,0.5049732363572966,-1.3180331451051395,0.1737268310189698,31.736847535382154,-13.514840955028125,-12.291559595525412
1600,499,8.141543487642979,7.3812353863390125,7.621694481665817,-0.2353327340486721,0.7776032009048423,0.012576358699216092,-1.587611047420605,-4.313025187155507,6.984005324399026
